<?xml version="1.0" encoding="ISO-8859-1"?>
<!-- Copyright (c) 2015-2016, The Linux Foundation. All rights reserved.    -->
<!--                                                                        -->
<!-- Redistribution and use in source and binary forms, with or without     -->
<!-- modification, are permitted provided that the following conditions are -->
<!-- met:                                                                   -->
<!--     * Redistributions of source code must retain the above copyright   -->
<!--       notice, this list of conditions and the following disclaimer.    -->
<!--     * Redistributions in binary form must reproduce the above          -->
<!--       copyright notice, this list of conditions and the following      -->
<!--       disclaimer in the documentation and/or other materials provided  -->
<!--       with the distribution.                                           -->
<!--     * Neither the name of The Linux Foundation nor the names of its    -->
<!--       contributors may be used to endorse or promote products derived  -->
<!--       from this software without specific prior written permission.    -->
<!--                                                                        -->
<!-- THIS SOFTWARE IS PROVIDED "AS IS" AND ANY EXPRESS OR IMPLIED           -->
<!-- WARRANTIES, INCLUDING, BUT NOT LIMITED TO, THE IMPLIED WARRANTIES OF   -->
<!-- MERCHANTABILITY, FITNESS FOR A PARTICULAR PURPOSE AND NON-INFRINGEMENT -->
<!-- ARE DISCLAIMED.  IN NO EVENT SHALL THE COPYRIGHT OWNER OR CONTRIBUTORS -->
<!-- BE LIABLE FOR ANY DIRECT, INDIRECT, INCIDENTAL, SPECIAL, EXEMPLARY, OR -->
<!-- CONSEQUENTIAL DAMAGES (INCLUDING, BUT NOT LIMITED TO, PROCUREMENT OF   -->
<!-- SUBSTITUTE GOODS OR SERVICES; LOSS OF USE, DATA, OR PROFITS; OR        -->
<!-- BUSINESS INTERRUPTION) HOWEVER CAUSED AND ON ANY THEORY OF LIABILITY,  -->
<!-- OR OTHERWISE) ARISING IN ANY WAY OUT OF THE USE OF THIS SOFTWARE, EVEN -->
<!-- IF ADVISED OF THE POSSIBILITY OF SUCH DAMAGE.                          -->
<mixer>
    <!-- These are the initial mixer settings -->
    <ctl name="Voice Rx Device Mute" id="0" value="0" />
    <ctl name="Voice Rx Device Mute" id="1" value="-1" />
    <ctl name="Voice Rx Device Mute" id="2" value="20" />
    <ctl name="Voice Tx Mute" id="0" value="0" />
    <ctl name="Voice Tx Mute" id="1" value="-1" />
    <ctl name="Voice Tx Mute" id="2" value="500" />
    <ctl name="Voice Rx Gain" id="0" value="0" />
    <ctl name="Voice Rx Gain" id="1" value="-1" />
    <ctl name="Voice Rx Gain" id="2" value="20" />
    <ctl name="Voip Tx Mute" id="0" value="0" />
    <ctl name="Voip Tx Mute" id="1" value="500" />
    <ctl name="Voip Rx Gain" id="0" value="0" />
    <ctl name="Voip Rx Gain" id="1" value="20" />
    <ctl name="Voip Mode Config" value="12" />
    <ctl name="Voip Rate Config" value="0" />
    <ctl name="Voip Evrc Min Max Rate Config" id="0" value="1" />
    <ctl name="Voip Evrc Min Max Rate Config" id="1" value="4" />
    <ctl name="Voip Dtx Mode" value="0" />
    <ctl name="TTY Mode" value="OFF" />
    <ctl name="LINEOUT1 Volume" value="13" />
    <ctl name="LINEOUT2 Volume" value="13" />
    <ctl name="LINEOUT3 Volume" value="13" />
    <ctl name="LINEOUT4 Volume" value="13" />
    <ctl name="HPHL Volume" value="20" />
    <ctl name="HPHR Volume" value="20" />
    <ctl name="RX0 Digital Volume" value="84" />
    <ctl name="RX1 Digital Volume" value="84" />
    <ctl name="RX2 Digital Volume" value="84" />
    <ctl name="RX3 Digital Volume" value="84" />
    <ctl name="RX4 Digital Volume" value="84" />
    <ctl name="RX5 Digital Volume" value="84" />
    <ctl name="RX6 Digital Volume" value="84" />
    <ctl name="RX7 Digital Volume" value="84" />
    <ctl name="RX8 Digital Volume" value="84" />
    <ctl name="ADC1 Volume" value="12" />
    <ctl name="ADC2 Volume" value="12" />
    <ctl name="ADC3 Volume" value="0" />
    <ctl name="ADC4 Volume" value="0" />
    <ctl name="ADC5 Volume" value="12" />
    <ctl name="ADC6 Volume" value="12" />
    <ctl name="DEC0 Volume" value="84" />
    <ctl name="DEC1 Volume" value="84" />
    <ctl name="DEC2 Volume" value="84" />
    <ctl name="DEC3 Volume" value="84" />
    <ctl name="DEC4 Volume" value="84" />
    <ctl name="DEC5 Volume" value="84" />
    <ctl name="DEC6 Volume" value="84" />
    <ctl name="DEC7 Volume" value="84" />
    <ctl name="DEC8 Volume" value="84" />
    <ctl name="COMP1 Switch" value="1" />
    <ctl name="COMP2 Switch" value="1" />
    <ctl name="COMP7 Switch" value="0" />
    <ctl name="COMP8 Switch" value="0" />
    <ctl name="RX HPH Mode" value="CLS_H_LP" />
    <ctl name="SLIMBUS_3_RX Port Mixer MI2S_TX" value="0" />
    <ctl name="SLIMBUS_0_RX Port Mixer SLIM_0_TX" value="0" />
    <ctl name="SLIMBUS_7_RX Audio Mixer MultiMedia1" value="0" />
    <ctl name="SLIMBUS_7_RX Audio Mixer MultiMedia2" value="0" />
    <ctl name="SLIMBUS_7_RX Audio Mixer MultiMedia4" value="0" />
    <ctl name="SLIMBUS_7_RX Audio Mixer MultiMedia5" value="0" />
    <ctl name="SLIMBUS_7_RX Audio Mixer MultiMedia6" value="0" />
    <ctl name="SLIMBUS_7_RX Audio Mixer MultiMedia7" value="0" />
    <ctl name="SLIMBUS_7_RX Audio Mixer MultiMedia10" value="0" />
    <ctl name="SLIMBUS_7_RX Audio Mixer MultiMedia11" value="0" />
    <ctl name="SLIMBUS_7_RX Audio Mixer MultiMedia12" value="0" />
    <ctl name="SLIMBUS_7_RX Audio Mixer MultiMedia13" value="0" />
    <ctl name="SLIMBUS_7_RX Audio Mixer MultiMedia14" value="0" />
    <ctl name="SLIMBUS_7_RX Audio Mixer MultiMedia15" value="0" />
    <ctl name="SLIMBUS_7_RX Audio Mixer MultiMedia16" value="0" />
    <ctl name="SLIMBUS_6_RX Port Mixer SLIM_0_TX" value="0" />
    <ctl name="AUX_PCM_RX Audio Mixer MultiMedia1" value="0" />
    <ctl name="AUX_PCM_RX Audio Mixer MultiMedia3" value="0" />
    <ctl name="AUX_PCM_RX Audio Mixer MultiMedia4" value="0" />
    <ctl name="AUX_PCM_RX Audio Mixer MultiMedia5" value="0" />
    <ctl name="AUX_PCM_RX Audio Mixer MultiMedia7" value="0" />
    <ctl name="AUX_PCM_RX Audio Mixer MultiMedia10" value="0" />
    <ctl name="AUX_PCM_RX Audio Mixer MultiMedia11" value="0" />
    <ctl name="AUX_PCM_RX Audio Mixer MultiMedia12" value="0" />
    <ctl name="AUX_PCM_RX Audio Mixer MultiMedia13" value="0" />
    <ctl name="AUX_PCM_RX Audio Mixer MultiMedia14" value="0" />
    <ctl name="AUX_PCM_RX Audio Mixer MultiMedia15" value="0" />
    <ctl name="AUX_PCM_RX Audio Mixer MultiMedia16" value="0" />
    <ctl name="SLIMBUS_4_RX Audio Mixer MultiMedia1" value="0" />
    <ctl name="SLIMBUS_4_RX Audio Mixer MultiMedia2" value="0" />
    <ctl name="MultiMedia5 Mixer SLIM_0_TX" value="0" />
    <ctl name="MultiMedia5 Mixer AFE_PCM_TX" value="0" />
    <ctl name="MultiMedia5 Mixer SLIM_8_TX" value="0" />
    <ctl name="MultiMedia5 Mixer SLIM_7_TX" value="0" />
    <ctl name="MultiMedia1 Mixer MI2S_TX" value="0" />
    <ctl name="MultiMedia1 Mixer SLIM_0_TX" value="0" />
    <ctl name="MultiMedia1 Mixer SLIM_4_TX" value="0" />
    <ctl name="MultiMedia1 Mixer SLIM_7_TX" value="0" />
    <ctl name="MultiMedia2 Mixer SLIM_0_TX" value="0" />
    <ctl name="MultiMedia2 Mixer SLIM_7_TX" value="0" />
    <ctl name="MultiMedia10 Mixer SLIM_7_TX" value="0" />
    <ctl name="HDMI Mixer MultiMedia1" value="0" />
    <ctl name="HDMI Mixer MultiMedia2" value="0" />
    <ctl name="HDMI Mixer MultiMedia3" value="0" />
    <ctl name="HDMI Mixer MultiMedia4" value="0" />
    <ctl name="HDMI Mixer MultiMedia5" value="0" />
    <ctl name="HDMI Mixer MultiMedia7" value="0" />
    <ctl name="HDMI Mixer MultiMedia9" value="0" />
    <ctl name="HDMI Mixer MultiMedia10" value="0" />
    <ctl name="HDMI Mixer MultiMedia11" value="0" />
    <ctl name="HDMI Mixer MultiMedia12" value="0" />
    <ctl name="HDMI Mixer MultiMedia13" value="0" />
    <ctl name="HDMI Mixer MultiMedia14" value="0" />
    <ctl name="HDMI Mixer MultiMedia15" value="0" />
    <ctl name="HDMI Mixer MultiMedia16" value="0" />
    <ctl name="DISPLAY_PORT Mixer MultiMedia1" value="0" />
    <ctl name="DISPLAY_PORT Mixer MultiMedia2" value="0" />
    <ctl name="DISPLAY_PORT Mixer MultiMedia3" value="0" />
    <ctl name="DISPLAY_PORT Mixer MultiMedia4" value="0" />
    <ctl name="DISPLAY_PORT Mixer MultiMedia5" value="0" />
    <ctl name="DISPLAY_PORT Mixer MultiMedia6" value="0" />
    <ctl name="DISPLAY_PORT Mixer MultiMedia7" value="0" />
    <ctl name="DISPLAY_PORT Mixer MultiMedia8" value="0" />
    <ctl name="DISPLAY_PORT Mixer MultiMedia9" value="0" />
    <ctl name="DISPLAY_PORT Mixer MultiMedia10" value="0" />
    <ctl name="DISPLAY_PORT Mixer MultiMedia11" value="0" />
    <ctl name="DISPLAY_PORT Mixer MultiMedia12" value="0" />
    <ctl name="DISPLAY_PORT Mixer MultiMedia13" value="0" />
    <ctl name="DISPLAY_PORT Mixer MultiMedia14" value="0" />
    <ctl name="DISPLAY_PORT Mixer MultiMedia15" value="0" />
    <ctl name="DISPLAY_PORT Mixer MultiMedia16" value="0" />
    <ctl name="SLIMBUS_0_RX Audio Mixer MultiMedia1" value="0" />
    <ctl name="SLIMBUS_6_RX Audio Mixer MultiMedia1" value="0" />
    <ctl name="SLIMBUS_0_RX Audio Mixer MultiMedia2" value="0" />
    <ctl name="SLIMBUS_6_RX Audio Mixer MultiMedia2" value="0" />
    <ctl name="SLIMBUS_0_RX Audio Mixer MultiMedia3" value="0" />
    <ctl name="SLIMBUS_6_RX Audio Mixer MultiMedia3" value="0" />
    <ctl name="SLIMBUS_0_RX Audio Mixer MultiMedia4" value="0" />
    <ctl name="SLIMBUS_5_RX Audio Mixer MultiMedia4" value="0" />
    <ctl name="SLIMBUS_6_RX Audio Mixer MultiMedia4" value="0" />
    <ctl name="SLIMBUS_0_RX Audio Mixer MultiMedia5" value="0" />
    <ctl name="SLIMBUS_6_RX Audio Mixer MultiMedia5" value="0" />
    <ctl name="SLIMBUS_0_RX Audio Mixer MultiMedia7" value="0" />
    <ctl name="SLIMBUS_5_RX Audio Mixer MultiMedia7" value="0" />
    <ctl name="SLIMBUS_6_RX Audio Mixer MultiMedia7" value="0" />
    <ctl name="SLIMBUS_0_RX Audio Mixer MultiMedia10" value="0" />
    <ctl name="SLIMBUS_5_RX Audio Mixer MultiMedia10" value="0" />
    <ctl name="SLIMBUS_6_RX Audio Mixer MultiMedia10" value="0" />
    <ctl name="SLIMBUS_0_RX Audio Mixer MultiMedia11" value="0" />
    <ctl name="SLIMBUS_5_RX Audio Mixer MultiMedia11" value="0" />
    <ctl name="SLIMBUS_6_RX Audio Mixer MultiMedia11" value="0" />
    <ctl name="SLIMBUS_0_RX Audio Mixer MultiMedia12" value="0" />
    <ctl name="SLIMBUS_5_RX Audio Mixer MultiMedia12" value="0" />
    <ctl name="SLIMBUS_6_RX Audio Mixer MultiMedia12" value="0" />
    <ctl name="SLIMBUS_0_RX Audio Mixer MultiMedia13" value="0" />
    <ctl name="SLIMBUS_5_RX Audio Mixer MultiMedia13" value="0" />
    <ctl name="SLIMBUS_6_RX Audio Mixer MultiMedia13" value="0" />
    <ctl name="SLIMBUS_0_RX Audio Mixer MultiMedia14" value="0" />
    <ctl name="SLIMBUS_5_RX Audio Mixer MultiMedia14" value="0" />
    <ctl name="SLIMBUS_6_RX Audio Mixer MultiMedia14" value="0" />
    <ctl name="SLIMBUS_0_RX Audio Mixer MultiMedia15" value="0" />
    <ctl name="SLIMBUS_5_RX Audio Mixer MultiMedia15" value="0" />
    <ctl name="SLIMBUS_6_RX Audio Mixer MultiMedia15" value="0" />
    <ctl name="SLIMBUS_0_RX Audio Mixer MultiMedia16" value="0" />
    <ctl name="SLIMBUS_5_RX Audio Mixer MultiMedia16" value="0" />
    <ctl name="SLIMBUS_6_RX Audio Mixer MultiMedia16" value="0" />
    <ctl name="USB_AUDIO_RX Audio Mixer MultiMedia1" value="0" />
    <ctl name="USB_AUDIO_RX Audio Mixer MultiMedia2" value="0" />
    <ctl name="USB_AUDIO_RX Audio Mixer MultiMedia3" value="0" />
    <ctl name="USB_AUDIO_RX Audio Mixer MultiMedia4" value="0" />
    <ctl name="USB_AUDIO_RX Audio Mixer MultiMedia5" value="0" />
    <ctl name="USB_AUDIO_RX Audio Mixer MultiMedia7" value="0" />
    <ctl name="USB_AUDIO_RX Audio Mixer MultiMedia10" value="0" />
    <ctl name="USB_AUDIO_RX Audio Mixer MultiMedia11" value="0" />
    <ctl name="USB_AUDIO_RX Audio Mixer MultiMedia12" value="0" />
    <ctl name="USB_AUDIO_RX Audio Mixer MultiMedia13" value="0" />
    <ctl name="USB_AUDIO_RX Audio Mixer MultiMedia14" value="0" />
    <ctl name="USB_AUDIO_RX Audio Mixer MultiMedia15" value="0" />
    <ctl name="USB_AUDIO_RX Audio Mixer MultiMedia16" value="0" />
    <ctl name="MultiMedia1 Mixer USB_AUDIO_TX" value="0" />
    <ctl name="MultiMedia5 Mixer USB_AUDIO_TX" value="0" />
    <ctl name="MultiMedia8 Mixer USB_AUDIO_TX" value="0" />
    <ctl name="MultiMedia10 Mixer USB_AUDIO_TX" value="0" />
    <ctl name="USB_AUDIO_RX Channels" value="Two" />
    <ctl name="USB_AUDIO_RX SampleRate" value="KHZ_48" />
    <ctl name="USB_AUDIO_RX Format" value="S16_LE" />
    <ctl name="USB_AUDIO_TX Channels" value="One" />
    <ctl name="USB_AUDIO_TX SampleRate" value="KHZ_48" />
    <ctl name="USB_AUDIO_TX Format" value="S16_LE" />
    <ctl name="MultiMedia6 Mixer SLIM_0_TX" value="0" />
    <ctl name="MultiMedia10 Mixer SLIM_0_TX" value="0" />
    <ctl name="QUAT_MI2S_RX Audio Mixer MultiMedia1" value="0" />
    <ctl name="QUAT_MI2S_RX Audio Mixer MultiMedia2" value="0" />
    <ctl name="QUAT_MI2S_RX Audio Mixer MultiMedia3" value="0" />
    <ctl name="QUAT_MI2S_RX Audio Mixer MultiMedia4" value="0" />
    <ctl name="QUAT_MI2S_RX Audio Mixer MultiMedia5" value="0" />
    <ctl name="QUAT_MI2S_RX Audio Mixer MultiMedia7" value="0" />
    <ctl name="QUAT_MI2S_RX Audio Mixer MultiMedia8" value="0" />
    <ctl name="QUAT_MI2S_RX Audio Mixer MultiMedia10" value="0" />
    <ctl name="QUAT_MI2S_RX Audio Mixer MultiMedia11" value="0" />
    <ctl name="QUAT_MI2S_RX Audio Mixer MultiMedia12" value="0" />
    <ctl name="QUAT_MI2S_RX Audio Mixer MultiMedia13" value="0" />
    <ctl name="QUAT_MI2S_RX Audio Mixer MultiMedia14" value="0" />
    <ctl name="QUAT_MI2S_RX Audio Mixer MultiMedia15" value="0" />
    <ctl name="QUAT_MI2S_RX Audio Mixer MultiMedia16" value="0" />
    <ctl name="QUAT_MI2S_RX Channels" value="Two" />
    <ctl name="QUAT_MI2S_RX Format" value="S24_LE" />
    <ctl name="QUAT_MI2S_TX Format" value="S24_LE" />
    <ctl name="SLIM_6_RX Channels" value="Two" />
    <ctl name="IIR0 INP0 MUX" value="ZERO" />
    <ctl name="IIR0 INP1 MUX" value="ZERO" />
    <ctl name="IIR0 INP2 MUX" value="ZERO" />
    <ctl name="IIR1 INP0 MUX" value="ZERO" />
    <ctl name="IIR1 INP1 MUX" value="ZERO" />
    <ctl name="IIR1 INP2 MUX" value="ZERO" />
    <ctl name="SLIM0_RX_VI_FB_LCH_MUX" value="ZERO" />
    <ctl name="SLIM0_RX_VI_FB_RCH_MUX" value="ZERO" />
    <ctl name="VI_FEED_TX Channels" value="Two" />
    <ctl name="AIF4_VI Mixer SPKR_VI_1" value="0" />
    <ctl name="AIF4_VI Mixer SPKR_VI_2" value="0" />
    <ctl name="SLIM TX13 MUX" value="ZERO" />
    <ctl name="SLIM TX10 MUX" value="ZERO" />
    <ctl name="SLIM TX9 MUX" value="ZERO" />
    <ctl name="SLIM TX8 MUX" value="ZERO" />
    <ctl name="SLIM TX7 MUX" value="ZERO" />
    <ctl name="SLIM TX6 MUX" value="ZERO" />
    <ctl name="SLIM TX5 MUX" value="ZERO" />
    <ctl name="SLIM TX4 MUX" value="ZERO" />
    <ctl name="SLIM TX3 MUX" value="ZERO" />
    <ctl name="SLIM TX2 MUX" value="ZERO" />
    <ctl name="SLIM TX1 MUX" value="ZERO" />
    <ctl name="SLIM TX0 MUX" value="ZERO" />
    <ctl name="ADC MUX13" value="AMIC" />
    <ctl name="ADC MUX12" value="AMIC" />
    <ctl name="ADC MUX11" value="AMIC" />
    <ctl name="ADC MUX10" value="AMIC" />
    <ctl name="ADC MUX8" value="AMIC" />
    <ctl name="ADC MUX7" value="AMIC" />
    <ctl name="ADC MUX6" value="AMIC" />
    <ctl name="ADC MUX5" value="AMIC" />
    <ctl name="ADC MUX4" value="AMIC" />
    <ctl name="ADC MUX3" value="AMIC" />
    <ctl name="ADC MUX2" value="AMIC" />
    <ctl name="ADC MUX1" value="AMIC" />
    <ctl name="ADC MUX0" value="AMIC" />
    <ctl name="DMIC MUX0" value="ZERO" />
    <ctl name="DMIC MUX1" value="ZERO" />
    <ctl name="DMIC MUX2" value="ZERO" />
    <ctl name="DMIC MUX3" value="ZERO" />
    <ctl name="DMIC MUX4" value="ZERO" />
    <ctl name="DMIC MUX5" value="ZERO" />
    <ctl name="DMIC MUX6" value="ZERO" />
    <ctl name="DMIC MUX7" value="ZERO" />
    <ctl name="DMIC MUX8" value="ZERO" />
    <ctl name="DMIC MUX10" value="ZERO" />
    <ctl name="DMIC MUX11" value="ZERO" />
    <ctl name="DMIC MUX12" value="ZERO" />
    <ctl name="DMIC MUX13" value="ZERO" />
    <ctl name="AMIC MUX0" value="ZERO" />
    <ctl name="AMIC MUX1" value="ZERO" />
    <ctl name="AMIC MUX2" value="ZERO" />
    <ctl name="AMIC MUX3" value="ZERO" />
    <ctl name="AMIC MUX4" value="ZERO" />
    <ctl name="AMIC MUX5" value="ZERO" />
    <ctl name="AMIC MUX6" value="ZERO" />
    <ctl name="AMIC MUX7" value="ZERO" />
    <ctl name="AMIC MUX8" value="ZERO" />
    <ctl name="AMIC MUX10" value="ZERO" />
    <ctl name="AMIC MUX11" value="ZERO" />
    <ctl name="AMIC MUX12" value="ZERO" />
    <ctl name="AMIC MUX13" value="ZERO" />
    <ctl name="CDC_IF RX0 MUX" value="SLIM RX0" />
    <ctl name="CDC_IF RX1 MUX" value="SLIM RX1" />
    <ctl name="CDC_IF RX2 MUX" value="SLIM RX2" />
    <ctl name="CDC_IF RX3 MUX" value="SLIM RX3" />
    <ctl name="CDC_IF RX4 MUX" value="SLIM RX4" />
    <ctl name="CDC_IF RX5 MUX" value="SLIM RX5" />
    <ctl name="CDC_IF RX6 MUX" value="SLIM RX6" />
    <ctl name="CDC_IF RX7 MUX" value="SLIM RX7" />
    <ctl name="CDC_IF TX0 MUX" value="ZERO" />
    <ctl name="CDC_IF TX1 MUX" value="ZERO" />
    <ctl name="CDC_IF TX2 MUX" value="ZERO" />
    <ctl name="CDC_IF TX3 MUX" value="ZERO" />
    <ctl name="CDC_IF TX4 MUX" value="ZERO" />
    <ctl name="CDC_IF TX5 MUX" value="ZERO" />
    <ctl name="CDC_IF TX6 MUX" value="ZERO" />
    <ctl name="CDC_IF TX7 MUX" value="ZERO" />
    <ctl name="CDC_IF TX8 MUX" value="ZERO" />
    <ctl name="CDC_IF TX9 MUX" value="ZERO" />
    <ctl name="CDC_IF TX10 MUX" value="ZERO" />
    <ctl name="CDC_IF TX13 MUX" value="ZERO" />
    <ctl name="RX INT0_1 MIX1 INP0" value="ZERO" />
    <ctl name="RX INT1_1 MIX1 INP0" value="ZERO" />
    <ctl name="RX INT2_1 MIX1 INP0" value="ZERO" />
    <ctl name="RX INT3_1 MIX1 INP0" value="ZERO" />
    <ctl name="RX INT4_1 MIX1 INP0" value="ZERO" />
    <ctl name="RX INT5_1 MIX1 INP0" value="ZERO" />
    <ctl name="RX INT6_1 MIX1 INP0" value="ZERO" />
    <ctl name="RX INT7_1 MIX1 INP0" value="ZERO" />
    <ctl name="RX INT8_1 MIX1 INP0" value="ZERO" />
    <ctl name="RX INT0_1 MIX1 INP1" value="ZERO" />
    <ctl name="RX INT1_1 MIX1 INP1" value="ZERO" />
    <ctl name="RX INT2_1 MIX1 INP1" value="ZERO" />
    <ctl name="RX INT3_1 MIX1 INP1" value="ZERO" />
    <ctl name="RX INT4_1 MIX1 INP1" value="ZERO" />
    <ctl name="RX INT5_1 MIX1 INP1" value="ZERO" />
    <ctl name="RX INT6_1 MIX1 INP1" value="ZERO" />
    <ctl name="RX INT7_1 MIX1 INP1" value="ZERO" />
    <ctl name="RX INT8_1 MIX1 INP1" value="ZERO" />
    <ctl name="RX INT0_1 MIX1 INP2" value="ZERO" />
    <ctl name="RX INT1_1 MIX1 INP2" value="ZERO" />
    <ctl name="RX INT2_1 MIX1 INP2" value="ZERO" />
    <ctl name="RX INT3_1 MIX1 INP2" value="ZERO" />
    <ctl name="RX INT4_1 MIX1 INP2" value="ZERO" />
    <ctl name="RX INT5_1 MIX1 INP2" value="ZERO" />
    <ctl name="RX INT6_1 MIX1 INP2" value="ZERO" />
    <ctl name="RX INT7_1 MIX1 INP2" value="ZERO" />
    <ctl name="RX INT8_1 MIX1 INP2" value="ZERO" />
    <ctl name="RX INT0_2 MUX" value="ZERO" />
    <ctl name="RX INT1_2 MUX" value="ZERO" />
    <ctl name="RX INT2_2 MUX" value="ZERO" />
    <ctl name="RX INT3_2 MUX" value="ZERO" />
    <ctl name="RX INT4_2 MUX" value="ZERO" />
    <ctl name="RX INT5_2 MUX" value="ZERO" />
    <ctl name="RX INT6_2 MUX" value="ZERO" />
    <ctl name="RX INT7_2 MUX" value="ZERO" />
    <ctl name="RX INT8_2 MUX" value="ZERO" />
    <ctl name="SPL SRC0 MUX" value="ZERO" />
    <ctl name="SPL SRC1 MUX" value="ZERO" />
    <ctl name="SPL SRC2 MUX" value="ZERO" />
    <ctl name="SPL SRC3 MUX" value="ZERO" />
    <ctl name="RX INT1 SPLINE MIX HPHL Switch" value="0" />
    <ctl name="RX INT3 SPLINE MIX LO1 Switch" value="0" />
    <ctl name="RX INT2 SPLINE MIX HPHR Switch" value="0" />
    <ctl name="RX INT4 SPLINE MIX LO2 Switch" value="0" />
    <ctl name="RX INT5 SPLINE MIX LO3 Switch" value="0" />
    <ctl name="RX INT6 SPLINE MIX LO4 Switch" value="0" />
    <ctl name="RX INT7 SPLINE MIX SPKRL Switch" value="0" />
    <ctl name="RX INT8 SPLINE MIX SPKRR Switch" value="0" />
    <ctl name="RX MIX TX0 MUX" value="ZERO" />
    <ctl name="RX MIX TX1 MUX" value="ZERO" />
    <ctl name="RX MIX TX2 MUX" value="ZERO" />
    <ctl name="RX MIX TX3 MUX" value="ZERO" />
    <ctl name="RX MIX TX4 MUX" value="ZERO" />
    <ctl name="RX MIX TX5 MUX" value="ZERO" />
    <ctl name="RX MIX TX6 MUX" value="ZERO" />
    <ctl name="RX MIX TX7 MUX" value="ZERO" />
    <ctl name="RX MIX TX8 MUX" value="ZERO" />
    <ctl name="IIR0 INP0 MUX" value="ZERO" />
    <ctl name="IIR0 INP1 MUX" value="ZERO" />
    <ctl name="IIR0 INP2 MUX" value="ZERO" />
    <ctl name="IIR0 INP3 MUX" value="ZERO" />
    <ctl name="IIR1 INP0 MUX" value="ZERO" />
    <ctl name="IIR1 INP1 MUX" value="ZERO" />
    <ctl name="IIR1 INP2 MUX" value="ZERO" />
    <ctl name="IIR1 INP3 MUX" value="ZERO" />
    <ctl name="RX INT0 DEM MUX" value="CLSH_DSM_OUT" />
    <ctl name="RX INT1 DEM MUX" value="CLSH_DSM_OUT" />
    <ctl name="RX INT2 DEM MUX" value="CLSH_DSM_OUT" />
    <ctl name="SLIM_0_RX Channels" value="One" />
    <ctl name="SLIM_5_RX Channels" value="One" />
    <ctl name="SLIM_0_TX Channels" value="One" />
    <ctl name="SLIM_1_TX Channels" value="One" />
    <ctl name="SLIM RX0 MUX" value="ZERO" />
    <ctl name="SLIM RX2 MUX" value="ZERO" />
    <ctl name="SLIM RX3 MUX" value="ZERO" />
    <ctl name="SLIM RX4 MUX" value="ZERO" />
    <ctl name="SLIM RX5 MUX" value="ZERO" />
    <ctl name="EAR PA Gain" value="G_6_DB" />
    <ctl name="EAR SPKR PA Gain" value="G_DEFAULT" />
    <ctl name="SLIM RX1 MUX" value="ZERO" />
    <ctl name="AIF1_CAP Mixer SLIM TX7" value="0" />
    <ctl name="AIF1_CAP Mixer SLIM TX8" value="0"/>
    <ctl name="AIF1_CAP Mixer SLIM TX6" value="0" />
    <ctl name="AIF1_CAP Mixer SLIM TX5" value="0"/>
    <ctl name="AIF1_CAP Mixer SLIM TX4" value="0" />
    <ctl name="AIF1_CAP Mixer SLIM TX3" value="0"/>
    <ctl name="AIF1_CAP Mixer SLIM TX2" value="0" />
    <ctl name="AIF1_CAP Mixer SLIM TX1" value="0"/>
    <ctl name="AIF1_CAP Mixer SLIM TX0" value="0"/>
    <ctl name="SLIMBUS_0_RX Audio Mixer MultiMedia4" value="0" />
    <ctl name="SLIMBUS_6_RX Port Mixer AUX_PCM_UL_TX" value="0" />
    <ctl name="HDMI Mixer MultiMedia4" value="0" />
    <ctl name= "RX INT1_1 NATIVE MUX" value="OFF" />
    <ctl name= "RX INT2_1 NATIVE MUX" value="OFF" />
    <ctl name= "RX INT3_1 NATIVE MUX" value="OFF" />
    <ctl name= "RX INT4_1 NATIVE MUX" value="OFF" />
    <!-- HFP start -->
    <ctl name="HFP_PRI_AUX_UL_HL Switch" value="0" />
    <ctl name="SLIMBUS_0_RX Port Mixer SLIM_7_TX" value="0" />
    <!-- HFP end -->
    <!-- echo reference -->
    <ctl name="AUDIO_REF_EC_UL10 MUX" value="None" />
    <!-- usb headset -->
    <ctl name="AFE_PCM_RX Audio Mixer MultiMedia1" value="0" />
    <ctl name="AFE_PCM_RX Audio Mixer MultiMedia4" value="0" />
    <ctl name="AFE_PCM_RX Audio Mixer MultiMedia7" value="0" />
    <ctl name="AFE_PCM_RX Audio Mixer MultiMedia10" value="0" />
    <ctl name="AFE_PCM_RX Audio Mixer MultiMedia11" value="0" />
    <ctl name="AFE_PCM_RX Audio Mixer MultiMedia12" value="0" />
    <ctl name="AFE_PCM_RX Audio Mixer MultiMedia13" value="0" />
    <ctl name="AFE_PCM_RX Audio Mixer MultiMedia14" value="0" />
    <ctl name="AFE_PCM_RX Audio Mixer MultiMedia15" value="0" />
    <ctl name="AFE_PCM_RX Audio Mixer MultiMedia16" value="0" />
    <ctl name="MultiMedia1 Mixer AFE_PCM_TX" value="0" />
    <ctl name="AFE_PCM_RX Audio Mixer MultiMedia5" value="0" />
    <!-- usb headset end -->
    <!-- fm -->
    <ctl name="SLIMBUS_8 LOOPBACK Volume" value="1" />
    <ctl name="SLIMBUS_0_RX Port Mixer SLIM_8_TX" value="0" />
    <ctl name="SLIMBUS_DL_HL Switch" value="0" />
    <ctl name="SLIMBUS_6_RX Port Mixer SLIM_8_TX" value="0" />
    <ctl name="SLIMBUS6_DL_HL Switch" value="0" />
    <ctl name="MultiMedia1 Mixer SLIM_8_TX" value="0" />
    <ctl name="MultiMedia2 Mixer SLIM_8_TX" value="0" />
    <!-- fm end -->

    <!-- Multimode Voice1 -->
    <ctl name="SLIM_0_RX_Voice Mixer VoiceMMode1" value="0" />
    <ctl name="SLIM_6_RX_Voice Mixer VoiceMMode1" value="0" />
    <ctl name="VoiceMMode1_Tx Mixer SLIM_0_TX_MMode1" value="0" />
    <ctl name="QUAT_MI2S_RX_Voice Mixer VoiceMMode1" value="0" />
    <!-- Multimode Voice1 HDMI -->
    <ctl name="HDMI_RX_Voice Mixer VoiceMMode1" value="0" />
    <!-- Multimode Voice1 BTSCO -->
    <ctl name="SLIM_7_RX_Voice Mixer VoiceMMode1" value="0" />
    <ctl name="VoiceMMode1_Tx Mixer SLIM_7_TX_MMode1" value="0" />
    <!-- Multimode Voice1 USB headset -->
    <ctl name="AFE_PCM_RX_Voice Mixer VoiceMMode1" value="0" />
    <ctl name="VoiceMMode1_Tx Mixer AFE_PCM_TX_MMode1" value="0" />
    <ctl name="USB_AUDIO_RX_Voice Mixer VoiceMMode1" value="0" />
    <ctl name="VoiceMMode1_Tx Mixer USB_AUDIO_TX_MMode1" value="0" />
    <!-- Miltimode Voice1 end-->

    <!-- Multimode Voice2 -->
    <ctl name="SLIM_0_RX_Voice Mixer VoiceMMode2" value="0" />
    <ctl name="SLIM_6_RX_Voice Mixer VoiceMMode2" value="0" />
    <ctl name="VoiceMMode2_Tx Mixer SLIM_0_TX_MMode2" value="0" />
    <ctl name="QUAT_MI2S_RX_Voice Mixer VoiceMMode2" value="0" />
    <!-- Multimode Voice2 HDMI -->
    <ctl name="HDMI_RX_Voice Mixer VoiceMMode2" value="0" />
    <!-- Multimode Voice2 BTSCO -->
    <ctl name="SLIM_7_RX_Voice Mixer VoiceMMode2" value="0" />
    <ctl name="VoiceMMode2_Tx Mixer SLIM_7_TX_MMode2" value="0" />
    <!-- Multimode Voice2 USB headset -->
    <ctl name="AFE_PCM_RX_Voice Mixer VoiceMMode2" value="0" />
    <ctl name="VoiceMMode2_Tx Mixer AFE_PCM_TX_MMode2" value="0" />
    <ctl name="USB_AUDIO_RX_Voice Mixer VoiceMMode2" value="0" />
    <ctl name="VoiceMMode2_Tx Mixer USB_AUDIO_TX_MMode2" value="0" />
    <!-- Multimode Voice2 end-->

    <!-- Voice external ec. reference -->
    <ctl name="VOC_EXT_EC MUX" value="NONE" />
    <ctl name="AIF3_CAP Mixer SLIM TX1" value="0" />
    <ctl name="AIF3_CAP Mixer SLIM TX2" value="0" />
    <!-- Voice external ec. reference end -->

    <!-- RT Proxy Cal -->
    <ctl name="RT_PROXY_1_RX SetCalMode" value="CAL_MODE_NONE" />
    <ctl name="RT_PROXY_1_TX SetCalMode" value="CAL_MODE_NONE" />
    <!-- RT Proxy Cal end -->

    <!-- Incall Recording -->
    <ctl name="MultiMedia1 Mixer VOC_REC_UL" value="0" />
    <ctl name="MultiMedia1 Mixer VOC_REC_DL" value="0" />
    <ctl name="MultiMedia8 Mixer VOC_REC_UL" value="0" />
    <ctl name="MultiMedia8 Mixer VOC_REC_DL" value="0" />
    <!-- Incall Recording End -->

    <!-- Incall Music -->
    <ctl name="Incall_Music Audio Mixer MultiMedia2" value="0" />
    <ctl name="Incall_Music Audio Mixer MultiMedia9" value="0" />
    <!-- Incall Music End -->

    <!-- compress-voip-call start -->
    <ctl name="SLIM_0_RX_Voice Mixer Voip" value="0" />
    <ctl name="SLIM_6_RX_Voice Mixer Voip" value="0" />
    <ctl name="QUAT_MI2S_RX_Voice Mixer Voip" value="0" />
    <ctl name="Voip_Tx Mixer SLIM_0_TX_Voip" value="0" />
    <ctl name="SLIM_7_RX_Voice Mixer Voip" value="0" />
    <ctl name="Voip_Tx Mixer SLIM_7_TX_Voip" value="0" />
    <ctl name="AFE_PCM_RX_Voice Mixer Voip" value="0" />
    <ctl name="Voip_Tx Mixer AFE_PCM_TX_Voip" value="0" />
    <ctl name="USB_AUDIO_RX_Voice Mixer Voip" value="0" />
    <ctl name="Voip_Tx Mixer USB_AUDIO_TX_Voip" value="0" />
    <!-- compress-voip-call end-->

    <!-- VoWLAN start -->
    <ctl name="SLIM_0_RX_Voice Mixer VoWLAN" value="0" />
    <ctl name="SLIM_6_RX_Voice Mixer VoWLAN" value="0" />
    <ctl name="QUAT_MI2S_RX_Voice Mixer VoWLAN" value="0" />
    <ctl name="VoWLAN_Tx Mixer SLIM_0_TX_VoWLAN" value="0" />
    <ctl name="HDMI_RX_Voice Mixer VoWLAN" value="0" />
    <ctl name="SLIM_7_RX_Voice Mixer VoWLAN" value="0" />
    <ctl name="VoWLAN_Tx Mixer SLIM_7_TX_VoWLAN" value="0" />
    <ctl name="AFE_PCM_RX_Voice Mixer VoWLAN" value="0" />
    <ctl name="VoWLAN_Tx Mixer AFE_PCM_TX_VoWLAN" value="0" />
    <ctl name="USB_AUDIO_RX_Voice Mixer VoWLAN" value="0" />
    <ctl name="VoWLAN_Tx Mixer USB_AUDIO_TX_VoWLAN" value="0" />
    <!-- VoWLAN end-->

    <!-- IIR/voice anc -->
    <ctl name="IIR0 Band1" id ="0" value="268435456" />
    <ctl name="IIR0 Band1" id ="1" value="0" />
    <ctl name="IIR0 Band1" id ="2" value="0" />
    <ctl name="IIR0 Band1" id ="3" value="0" />
    <ctl name="IIR0 Band1" id ="4" value="0" />
    <ctl name="IIR0 Band2" id ="0" value="268435456" />
    <ctl name="IIR0 Band2" id ="1" value="0" />
    <ctl name="IIR0 Band2" id ="2" value="0" />
    <ctl name="IIR0 Band2" id ="3" value="0" />
    <ctl name="IIR0 Band2" id ="4" value="0" />
    <ctl name="IIR0 Band3" id ="0" value="268435456" />
    <ctl name="IIR0 Band3" id ="1" value="0" />
    <ctl name="IIR0 Band3" id ="2" value="0" />
    <ctl name="IIR0 Band3" id ="3" value="0" />
    <ctl name="IIR0 Band3" id ="4" value="0" />
    <ctl name="IIR0 Band4" id ="0" value="268435456" />
    <ctl name="IIR0 Band4" id ="1" value="0" />
    <ctl name="IIR0 Band4" id ="2" value="0" />
    <ctl name="IIR0 Band4" id ="3" value="0" />
    <ctl name="IIR0 Band4" id ="4" value="0" />
    <ctl name="IIR0 Band5" id ="0" value="268435456" />
    <ctl name="IIR0 Band5" id ="1" value="0" />
    <ctl name="IIR0 Band5" id ="2" value="0" />
    <ctl name="IIR0 Band5" id ="3" value="0" />
    <ctl name="IIR0 Band5" id ="4" value="0" />
    <ctl name="IIR0 Enable Band1" value="0" />
    <ctl name="IIR0 Enable Band2" value="0" />
    <ctl name="IIR0 Enable Band3" value="0" />
    <ctl name="IIR0 Enable Band4" value="0" />
    <ctl name="IIR0 Enable Band5" value="0" />
    <ctl name="IIR0 INP0 Volume" value="54" />
    <!-- IIR/voice anc end -->
    <!-- anc handset -->
    <ctl name="ANC Slot" value="0" />
    <ctl name="ANC0 FB MUX" value="ZERO" />
    <ctl name="ANC1 FB MUX" value="ZERO" />
    <ctl name="ANC EAR Enable Switch" value="0" />
    <ctl name="ANC OUT EAR SPKR Enable Switch" value="0" />
    <ctl name="ANC SPKR PA Enable Switch" value="0" />
    <!-- anc handset end -->
    <ctl name="ANC Function" value="OFF" />
    <ctl name="ANC HPHL Enable Switch" value="0" />
    <ctl name="ANC HPHR Enable Switch" value="0" />
    <!-- anc headset end-->
    <!-- aanc handset mic -->
    <ctl name="AIF1_CAP Mixer SLIM TX9" value="0" />
    <ctl name="AANC_SLIM_0_RX MUX" value="ZERO" />
    <!-- aanc handset mic end -->
    <!-- ssr qmic -->
    <ctl name="AIF1_CAP Mixer SLIM TX10" value="0" />
    <!-- ssr qmic end-->
    <!-- vbat related data -->
    <ctl name="GSM mode Enable" value="OFF" />
    <ctl name="RX INT5 VBAT LO3 VBAT Enable" value="0" />
    <ctl name="RX INT6 VBAT LO4 VBAT Enable" value="0" />
    <ctl name="RX INT7 VBAT SPKRL VBAT Enable" value="0" />
    <ctl name="RX INT8 VBAT SPKRR VBAT Enable" value="0" />
    <!-- vbat related data end-->
    <!-- audio record compress-->
    <ctl name="MultiMedia8 Mixer SLIM_0_TX" value="0" />
    <ctl name="MultiMedia8 Mixer SLIM_7_TX" value="0" />
    <ctl name="MultiMedia8 Mixer AFE_PCM_TX" value="0" />
    <!-- audio record compress end-->
    <!-- listen -->
    <ctl name="LSM1 MUX" value="None" />
    <ctl name="LSM2 MUX" value="None" />
    <ctl name="LSM3 MUX" value="None" />
    <ctl name="LSM4 MUX" value="None" />
    <ctl name="LSM5 MUX" value="None" />
    <ctl name="LSM6 MUX" value="None" />
    <ctl name="LSM7 MUX" value="None" />
    <ctl name="LSM8 MUX" value="None" />
    <ctl name="SLIMBUS_5_TX LSM Function" value="None" />
    <!-- listen end-->
    <!-- split a2dp -->
    <ctl name="BT SampleRate" value="KHZ_8" />
    <ctl name="AFE Input Channels" value="Zero" />
    <ctl name="SLIM7_RX ADM Channels" value="Zero" />
    <!-- split a2dp end-->

    <!-- ADSP testfwk -->
    <ctl name="SLIMBUS_DL_HL Switch" value="0" />
    <ctl name="SLIMBUS6_DL_HL Switch" value="0" />
    <!-- ADSP testfwk end-->
    <!-- TI SPK Configuration -->
    <ctl name="Stereo Configuration" value="0" />
    <ctl name="Stereo EchoRef Ctrl" value="left channel" />
    <ctl name="Stereo LDAC Playback Volume" value="15" />
    <ctl name="Stereo RDAC Playback Volume" value="15" />

    <ctl name="AFE_PCM_RX Audio Mixer MultiMedia3" value="0" />

    <!-- mmap record init -->
    <ctl name="MultiMedia3 Mixer SLIM_0_TX" value="0" />
    <ctl name="MultiMedia3 Mixer AUX_PCM_UL_TX" value="0" />
    <ctl name="MultiMedia3 Mixer TERT_MI2S_TX" value="0" />
    <ctl name="MultiMedia3 Mixer USB_AUDIO_TX" value="0" />
    <!-- mmap record init end -->

    <!-- Speaker swap -->
    <ctl name="Swap channel" value="0" />

    <!-- These are audio route (FE to BE) specific mixer settings -->
    <path name="echo-reference">
        <ctl name="AUDIO_REF_EC_UL10 MUX" value="QUAT_MI2S_TX" />
        <ctl name="Stereo EchoRef Ctrl" value="left channel" />
    </path>

    <path name="echo-reference speaker">
        <ctl name="AUDIO_REF_EC_UL10 MUX" value="QUAT_MI2S_TX" />
        <ctl name="Stereo EchoRef Ctrl" value="right channel" />
    </path>

    <path name="echo-reference handset">
        <ctl name="AUDIO_REF_EC_UL10 MUX" value="QUAT_MI2S_TX" />
        <ctl name="Stereo EchoRef Ctrl" value="left channel" />
    </path>

    <path name="echo-reference headphones">
        <ctl name="AUDIO_REF_EC_UL10 MUX" value="SLIM_6_RX" />
    </path>

    <path name="echo-reference usb-headset">
        <ctl name="AUDIO_REF_EC_UL10 MUX" value="USB_AUDIO_RX" />
    </path>

    <path name="echo-reference bt-sco">
        <ctl name="AUDIO_REF_EC_UL10 MUX" value="SLIM_7_RX" />
    </path>

    <path name="echo-reference bt-sco-wb">
        <ctl name="AUDIO_REF_EC_UL10 MUX" value="SLIM_7_RX" />
    </path>

    <path name="deep-buffer-playback">
        <ctl name="QUAT_MI2S_RX Audio Mixer MultiMedia1" value="1" />
    </path>

    <path name="deep-buffer-playback speaker">
        <ctl name="QUAT_MI2S_RX Audio Mixer MultiMedia1" value="1" />
    </path>

    <path name="deep-buffer-playback handset">
        <ctl name="QUAT_MI2S_RX Audio Mixer MultiMedia1" value="1" />
    </path>

    <path name="deep-buffer-playback handset-hac">
        <ctl name="SLIMBUS_0_RX Audio Mixer MultiMedia1" value="1" />
    </path>

    <path name="deep-buffer-playback display-port">
        <ctl name="DISPLAY_PORT Mixer MultiMedia1" value="1" />
    </path>

    <path name="deep-buffer-playback speaker-and-display-port">
        <path name="deep-buffer-playback display-port" />
        <path name="deep-buffer-playback speaker" />
    </path>

    <path name="deep-buffer-playback bt-sco">
        <ctl name="SLIMBUS_7_RX Audio Mixer MultiMedia1" value="1" />
    </path>

    <path name="deep-buffer-playback bt-sco-wb">
        <ctl name="BT SampleRate" value="KHZ_16" />
        <path name="deep-buffer-playback bt-sco" />
    </path>

    <path name="deep-buffer-playback afe-proxy">
        <ctl name="AFE_PCM_RX Audio Mixer MultiMedia1" value="1" />
    </path>

    <path name="deep-buffer-playback usb-headphones">
        <ctl name="USB_AUDIO_RX Audio Mixer MultiMedia1" value="1" />
    </path>

    <path name="deep-buffer-playback usb-headset">
        <ctl name="USB_AUDIO_RX Audio Mixer MultiMedia1" value="1" />
    </path>

    <path name="deep-buffer-playback speaker-and-usb-headphones">
        <path name="deep-buffer-playback usb-headphones" />
        <path name="deep-buffer-playback speaker" />
    </path>

    <path name="deep-buffer-playback headphones">
        <ctl name="SLIMBUS_6_RX Audio Mixer MultiMedia1" value="1" />
    </path>

    <path name="deep-buffer-playback speaker-and-headphones">
        <path name="deep-buffer-playback headphones" />
        <path name="deep-buffer-playback speaker" />
    </path>

    <path name="deep-buffer-playback speaker-and-bt-sco">
      <path name="deep-buffer-playback speaker" />
      <path name="deep-buffer-playback bt-sco"  />
    </path>

    <path name="deep-buffer-playback speaker-and-bt-sco-wb">
      <path name="deep-buffer-playback speaker" />
      <path name="deep-buffer-playback bt-sco-wb"  />
    </path>

    <path name="low-latency-playback">
        <ctl name="QUAT_MI2S_RX Audio Mixer MultiMedia5" value="1" />
    </path>

    <path name="low-latency-playback speaker">
        <ctl name="QUAT_MI2S_RX Audio Mixer MultiMedia5" value="1" />
    </path>

    <path name="low-latency-playback handset">
        <ctl name="QUAT_MI2S_RX Audio Mixer MultiMedia5" value="1" />
    </path>

    <path name="low-latency-playback handset-hac">
        <ctl name="SLIMBUS_0_RX Audio Mixer MultiMedia5" value="1" />
    </path>

    <path name="low-latency-playback display-port">
        <ctl name="DISPLAY_PORT Mixer MultiMedia5" value="1" />
    </path>

    <path name="low-latency-playback bt-sco">
        <ctl name="SLIMBUS_7_RX Audio Mixer MultiMedia5" value="1" />
    </path>

    <path name="low-latency-playback bt-sco-wb">
        <ctl name="BT SampleRate" value="KHZ_16" />
        <path name="low-latency-playback bt-sco" />
    </path>

    <path name="low-latency-playback speaker-and-display-port">
        <path name="low-latency-playback display-port" />
        <path name="low-latency-playback speaker" />
    </path>

    <path name="low-latency-playback afe-proxy">
        <ctl name="AFE_PCM_RX Audio Mixer MultiMedia5" value="1" />
    </path>

    <path name="low-latency-playback usb-headphones">
        <ctl name="USB_AUDIO_RX Audio Mixer MultiMedia5" value="1" />
    </path>

    <path name="low-latency-playback usb-headset">
        <ctl name="USB_AUDIO_RX Audio Mixer MultiMedia5" value="1" />
    </path>

    <path name="low-latency-playback speaker-and-usb-headphones">
        <path name="low-latency-playback usb-headphones" />
        <path name="low-latency-playback speaker" />
    </path>

    <path name="low-latency-playback headphones">
        <ctl name="SLIMBUS_6_RX Audio Mixer MultiMedia5" value="1" />
    </path>

    <path name="low-latency-playback speaker-and-headphones">
        <path name="low-latency-playback headphones" />
        <path name="low-latency-playback speaker" />
    </path>

    <path name="low-latency-playback speaker-and-bt-sco">
      <path name="low-latency-playback speaker" />
      <path name="low-latency-playback bt-sco"  />
    </path>

    <path name="low-latency-playback speaker-and-bt-sco-wb">
      <path name="low-latency-playback speaker" />
      <path name="low-latency-playback bt-sco-wb"  />
    </path>

    <path name="low-latency-playback voice-tty-hco-handset">
        <ctl name="QUAT_MI2S_RX Audio Mixer MultiMedia5" value="1" />
    </path>

    <path name="low-latency-playback voice-tty-vco-usb">
        <ctl name="USB_AUDIO_RX Audio Mixer MultiMedia5" value="1" />
    </path>

    <path name="audio-ull-playback">
        <ctl name="QUAT_MI2S_RX Audio Mixer MultiMedia8" value="1" />
    </path>

    <path name="audio-ull-playback speaker">
        <ctl name="QUAT_MI2S_RX Audio Mixer MultiMedia8" value="1" />
    </path>

    <path name="audio-ull-playback handset">
        <ctl name="QUAT_MI2S_RX Audio Mixer MultiMedia8" value="1" />
    </path>

    <path name="audio-ull-playback handset-hac">
        <ctl name="SLIMBUS_0_RX Audio Mixer MultiMedia8" value="1" />
    </path>

    <path name="audio-ull-playback headphones">
        <ctl name="SLIMBUS_6_RX Audio Mixer MultiMedia8" value="1" />
    </path>

    <path name="audio-ull-playback speaker-and-headphones">
        <path name="audio-ull-playback speaker" />
        <path name="audio-ull-playback headphones" />
    </path>

    <path name="audio-ull-playback display-port">
        <ctl name="DISPLAY_PORT Mixer MultiMedia8" value="1" />
    </path>

    <path name="audio-ull-playback speaker-and-display-port">
        <path name="audio-ull-playback display-port" />
        <path name="audio-ull-playback speaker" />
    </path>

    <path name="audio-ull-playback bt-sco">
        <ctl name="SLIMBUS_7_RX Audio Mixer MultiMedia8" value="1" />
    </path>

    <path name="audio-ull-playback bt-sco-wb">
        <ctl name="BT SampleRate" value="KHZ_16" />
        <path name="audio-ull-playback bt-sco" />
    </path>

    <path name="audio-ull-playback afe-proxy">
        <ctl name="AFE_PCM_RX Audio Mixer MultiMedia8" value="1" />
    </path>

    <path name="audio-ull-playback usb-headphones">
        <ctl name="USB_AUDIO_RX Audio Mixer MultiMedia8" value="1" />
    </path>

    <path name="audio-ull-playback usb-headset">
        <ctl name="USB_AUDIO_RX Audio Mixer MultiMedia8" value="1" />
    </path>

    <path name="audio-ull-playback speaker-and-usb-headphones">
        <path name="audio-ull-playback usb-headphones" />
        <path name="audio-ull-playback speaker" />
    </path>

    <path name="audio-ull-playback speaker-and-bt-sco">
      <path name="audio-ull-playback speaker" />
      <path name="audio-ull-playback bt-sco"  />
    </path>

    <path name="audio-ull-playback speaker-and-bt-sco-wb">
      <path name="audio-ull-playback speaker" />
      <path name="audio-ull-playback bt-sco-wb"  />
    </path>

    <path name="hifi-playback">
        <ctl name="QUAT_MI2S_RX Audio Mixer MultiMedia2" value="1" />
    </path>

    <path name="hifi-playback speaker">
        <ctl name="QUAT_MI2S_RX Audio Mixer MultiMedia2" value="1" />
    </path>

    <path name="hifi-playback handset">
        <ctl name="QUAT_MI2S_RX Audio Mixer MultiMedia2" value="1" />
    </path>

    <path name="hifi-playback handset-hac">
        <ctl name="SLIMBUS_0_RX Audio Mixer MultiMedia2" value="1" />
    </path>

    <path name="hifi-playback display-port">
        <ctl name="DISPLAY_PORT Mixer MultiMedia2" value="1" />
    </path>

    <path name="hifi-playback bt-sco">
        <ctl name="SLIMBUS_7_RX Audio Mixer MultiMedia2" value="1" />
    </path>

    <path name="hifi-playback bt-sco-wb">
        <ctl name="BT SampleRate" value="KHZ_16" />
        <path name="hifi-playback bt-sco" />
    </path>

    <path name="hifi-playback afe-proxy">
        <ctl name="AFE_PCM_RX Audio Mixer MultiMedia2" value="1" />
    </path>

    <path name="hifi-playback usb-headset">
        <ctl name="USB_AUDIO_RX Audio Mixer MultiMedia2" value="1" />
    </path>

    <path name="hifi-playback usb-headphones">
        <ctl name="USB_AUDIO_RX Audio Mixer MultiMedia2" value="1" />
    </path>

    <path name="hifi-record">
        <ctl name="MultiMedia2 Mixer SLIM_0_TX" value="1" />
    </path>

    <path name="hifi-record usb-headset-mic">
        <ctl name="MultiMedia2 Mixer USB_AUDIO_TX" value="1" />
    </path>

    <path name="hifi-record bt-sco">
        <ctl name="MultiMedia2 Mixer SLIM_7_TX" value="1" />
    </path>

    <path name="hifi-record bt-sco-wb">
        <ctl name="BT SampleRate" value="KHZ_16" />
        <path name="hifi-record bt-sco" />
    </path>

    <path name="compress-offload-playback">
        <ctl name="QUAT_MI2S_RX Audio Mixer MultiMedia4" value="1" />
    </path>

    <path name="compress-offload-playback speaker">
        <ctl name="QUAT_MI2S_RX Audio Mixer MultiMedia4" value="1" />
    </path>

    <path name="compress-offload-playback handset">
        <ctl name="QUAT_MI2S_RX Audio Mixer MultiMedia4" value="1" />
    </path>

    <path name="compress-offload-playback handset-hac">
        <ctl name="SLIMBUS_0_RX Audio Mixer MultiMedia4" value="1" />
    </path>

    <path name="compress-offload-playback display-port">
        <ctl name="DISPLAY_PORT Mixer MultiMedia4" value="1" />
    </path>

    <path name="compress-offload-playback bt-sco">
        <ctl name="SLIMBUS_7_RX Audio Mixer MultiMedia4" value="1" />
    </path>

    <path name="compress-offload-playback bt-sco-wb">
        <ctl name="BT SampleRate" value="KHZ_16" />
        <path name="compress-offload-playback bt-sco" />
    </path>

    <path name="compress-offload-playback speaker-and-display-port">
        <path name="compress-offload-playback display-port" />
        <path name="compress-offload-playback speaker" />
    </path>

    <path name="compress-offload-playback afe-proxy">
        <ctl name="AFE_PCM_RX Audio Mixer MultiMedia4" value="1" />
    </path>

    <path name="compress-offload-playback usb-headphones">
        <ctl name="USB_AUDIO_RX Audio Mixer MultiMedia4" value="1" />
    </path>

    <path name="compress-offload-playback usb-headset">
        <ctl name="USB_AUDIO_RX Audio Mixer MultiMedia4" value="1" />
    </path>

    <path name="compress-offload-playback speaker-and-usb-headphones">
        <path name="compress-offload-playback usb-headphones" />
        <path name="compress-offload-playback speaker" />
    </path>

    <path name="compress-offload-playback headphones">
        <ctl name="SLIMBUS_6_RX Audio Mixer MultiMedia4" value="1" />
    </path>

    <path name="compress-offload-playback speaker-and-headphones">
        <path name="compress-offload-playback headphones" />
        <path name="compress-offload-playback speaker" />
    </path>

    <path name="compress-offload-playback speaker-and-bt-sco">
      <path name="compress-offload-playback speaker" />
      <path name="compress-offload-playback bt-sco"  />
    </path>

    <path name="compress-offload-playback speaker-and-bt-sco-wb">
      <path name="compress-offload-playback speaker" />
      <path name="compress-offload-playback bt-sco-wb"  />
    </path>

    <path name="mmap-playback">
        <ctl name="SLIMBUS_0_RX Audio Mixer MultiMedia3" value="1" />
    </path>

    <path name="mmap-playback speaker">
        <ctl name="QUAT_MI2S_RX Audio Mixer MultiMedia3" value="1" />
    </path>

    <path name="mmap-playback handset">
        <ctl name="QUAT_MI2S_RX Audio Mixer MultiMedia3" value="1" />
    </path>

    <path name="mmap-playback handset-hac">
        <ctl name="SLIMBUS_0_RX Audio Mixer MultiMedia3" value="1" />
    </path>

    <path name="mmap-playback speaker-and-headphones">
        <path name="mmap-playback speaker" />
        <path name="mmap-playback" />
    </path>

    <path name="mmap-playback bt-sco">
        <ctl name="SLIMBUS_7_RX Audio Mixer MultiMedia3" value="1" />
    </path>

    <path name="mmap-playback bt-sco-wb">
        <ctl name="BT SampleRate" value="KHZ_16" />
        <path name="mmap-playback bt-sco" />
    </path>

    <path name="mmap-playback afe-proxy">
        <ctl name="AFE_PCM_RX Audio Mixer MultiMedia3" value="1" />
    </path>

    <path name="mmap-playback usb-headset">
        <ctl name="USB_AUDIO_RX Audio Mixer MultiMedia3" value="1" />
    </path>

    <path name="mmap-playback usb-headphones">
        <ctl name="USB_AUDIO_RX Audio Mixer MultiMedia3" value="1" />
    </path>

    <path name="mmap-playback speaker-and-bt-sco">
      <path name="mmap-playback speaker" />
      <path name="mmap-playback bt-sco"  />
    </path>

    <path name="mmap-playback speaker-and-bt-sco-wb">
      <path name="mmap-playback speaker" />
      <path name="mmap-playback bt-sco-wb"  />
    </path>

    <path name="audio-record">
        <ctl name="MultiMedia1 Mixer SLIM_0_TX" value="1" />
    </path>

    <path name="audio-record usb-headset-mic">
        <ctl name="MultiMedia1 Mixer USB_AUDIO_TX" value="1" />
    </path>

    <path name="audio-record bt-sco">
        <ctl name="MultiMedia1 Mixer SLIM_7_TX" value="1" />
    </path>

    <path name="audio-record bt-sco-wb">
        <ctl name="BT SampleRate" value="KHZ_16" />
        <path name="audio-record bt-sco" />
    </path>

    <path name="low-latency-record">
      <ctl name="MultiMedia8 Mixer SLIM_0_TX" value="1" />
    </path>

    <path name="low-latency-record bt-sco">
      <ctl name="MultiMedia8 Mixer SLIM_7_TX" value="1" />
    </path>

    <path name="low-latency-record bt-sco-wb">
        <ctl name="BT SampleRate" value="KHZ_16" />
        <path name="low-latency-record bt-sco" />
    </path>

    <path name="low-latency-record usb-headset-mic">
        <ctl name="MultiMedia8 Mixer USB_AUDIO_TX" value="1" />
    </path>

    <path name="afe-proxy-playback afe-proxy">
    </path>

    <path name="afe-proxy-record afe-proxy">
    </path>

    <path name="mmap-record">
      <ctl name="MultiMedia3 Mixer SLIM_0_TX" value="1" />
    </path>

    <path name="mmap-record bt-sco">
      <ctl name="MultiMedia3 Mixer AUX_PCM_UL_TX" value="1" />
    </path>

    <path name="mmap-record bt-sco-wb">
        <ctl name="AUX PCM SampleRate" value="16000" />
        <path name="mmap-record bt-sco" />
    </path>

    <path name="mmap-record capture-fm">
      <ctl name="MultiMedia3 Mixer TERT_MI2S_TX" value="1" />
    </path>

    <path name="mmap-record usb-headset-mic">
       <ctl name="MultiMedia3 Mixer USB_AUDIO_TX" value="1" />
    </path>

    <path name="vowlan-call">
        <ctl name="QUAT_MI2S_RX_Voice Mixer VoWLAN" value="1" />
        <ctl name="VoWLAN_Tx Mixer SLIM_0_TX_VoWLAN" value="1" />
    </path>

    <path name="vowlan-call speaker">
        <ctl name="QUAT_MI2S_RX_Voice Mixer VoWLAN" value="1" />
        <ctl name="VoWLAN_Tx Mixer SLIM_0_TX_VoWLAN" value="1" />
    </path>

    <path name="vowlan-call handset">
        <ctl name="QUAT_MI2S_RX_Voice Mixer VoWLAN" value="1" />
        <ctl name="VoWLAN_Tx Mixer SLIM_0_TX_VoWLAN" value="1" />
    </path>

    <path name="vowlan-call headphones">
        <ctl name="SLIM_6_RX_Voice Mixer VoWLAN" value="1" />
        <ctl name="VoWLAN_Tx Mixer SLIM_0_TX_VoWLAN" value="1" />
    </path>

    <path name="vowlan-call bt-sco">
        <ctl name="SLIM_7_RX_Voice Mixer VoWLAN" value="1" />
        <ctl name="VoWLAN_Tx Mixer SLIM_7_TX_VoWLAN" value="1" />
    </path>

    <path name="vowlan-call bt-sco-wb">
        <ctl name="BT SampleRate" value="KHZ_16" />
        <path name="vowlan-call bt-sco" />
    </path>

    <path name="vowlan-call afe-proxy">
        <ctl name="AFE_PCM_RX_Voice Mixer VoWLAN" value="1" />
        <ctl name="VoWLAN_Tx Mixer AFE_PCM_TX_VoWLAN" value="1" />
    </path>

    <path name="vowlan-call usb-headphones">
        <ctl name="USB_AUDIO_RX_Voice Mixer VoWLAN" value="1" />
        <ctl name="VoWLAN_Tx Mixer USB_AUDIO_TX_VoWLAN" value="1" />
    </path>

    <path name="voicemmode1-call">
        <ctl name="QUAT_MI2S_RX_Voice Mixer VoiceMMode1" value="1" />
        <ctl name="VoiceMMode1_Tx Mixer SLIM_0_TX_MMode1" value="1" />
    </path>

    <path name="voicemmode1-call speaker">
        <ctl name="QUAT_MI2S_RX_Voice Mixer VoiceMMode1" value="1" />
        <ctl name="VoiceMMode1_Tx Mixer SLIM_0_TX_MMode1" value="1" />
    </path>

    <path name="voicemmode1-call handset">
        <ctl name="QUAT_MI2S_RX_Voice Mixer VoiceMMode1" value="1" />
        <ctl name="VoiceMMode1_Tx Mixer SLIM_0_TX_MMode1" value="1" />
    </path>

    <path name="voicemmode1-call handset-hac">
        <ctl name="SLIM_0_RX_Voice Mixer VoiceMMode1" value="1" />
        <ctl name="VoiceMMode1_Tx Mixer SLIM_0_TX_MMode1" value="1" />
    </path>

    <path name="voicemmode1-call headphones">
        <ctl name="SLIM_6_RX_Voice Mixer VoiceMMode1" value="1" />
        <ctl name="VoiceMMode1_Tx Mixer SLIM_0_TX_MMode1" value="1" />
    </path>

    <path name="voicemmode1-call bt-sco">
        <ctl name="SLIM_7_RX_Voice Mixer VoiceMMode1" value="1" />
        <ctl name="VoiceMMode1_Tx Mixer SLIM_7_TX_MMode1" value="1" />
    </path>

    <path name="voicemmode1-call speaker-and-bt-sco">
      <path name="voicemmode1-call bt-sco" />
    </path>

    <path name="voicemmode1-call bt-sco-wb">
        <ctl name="BT SampleRate" value="KHZ_16" />
        <path name="voicemmode1-call bt-sco" />
    </path>

    <path name="voicemmode1-call speaker-and-bt-sco-wb">
      <path name="voicemmode1-call bt-sco-wb" />
    </path>

    <path name="voicemmode1-call afe-proxy">
        <ctl name="AFE_PCM_RX_Voice Mixer VoiceMMode1" value="1" />
        <ctl name="VoiceMMode1_Tx Mixer AFE_PCM_TX_MMode1" value="1" />
    </path>

    <path name="voicemmode1-call usb-headphones">
        <ctl name="USB_AUDIO_RX_Voice Mixer VoiceMMode1" value="1" />
        <ctl name="VoiceMMode1_Tx Mixer SLIM_0_TX_MMode1" value="1" />
    </path>

    <path name="voicemmode1-call usb-headset">
        <ctl name="USB_AUDIO_RX_Voice Mixer VoiceMMode1" value="1" />
        <ctl name="VoiceMMode1_Tx Mixer USB_AUDIO_TX_MMode1" value="1" />
    </path>

    <path name="voicemmode1-call speaker-and-usb-headphones">
        <path name="voicemmode1-call usb-headphones" />
    </path>

    <path name="voicemmode1-call voice-tty-vco-usb">
        <ctl name="USB_AUDIO_RX_Voice Mixer VoiceMMode1" value="1" />
        <ctl name="VoiceMMode1_Tx Mixer SLIM_0_TX_MMode1" value="1" />
    </path>

    <path name="voicemmode1-call voice-tty-hco-handset">
        <ctl name="QUAT_MI2S_RX_Voice Mixer VoiceMMode1" value="1" />
        <ctl name="VoiceMMode1_Tx Mixer USB_AUDIO_TX_MMode1" value="1" />
    </path>

    <path name="voicemmode2-call">
        <ctl name="QUAT_MI2S_RX_Voice Mixer VoiceMMode2" value="1" />
        <ctl name="VoiceMMode2_Tx Mixer SLIM_0_TX_MMode2" value="1" />
    </path>

    <path name="voicemmode2-call speaker">
        <ctl name="QUAT_MI2S_RX_Voice Mixer VoiceMMode2" value="1" />
        <ctl name="VoiceMMode2_Tx Mixer SLIM_0_TX_MMode2" value="1" />
    </path>

    <path name="voicemmode2-call handset">
        <ctl name="QUAT_MI2S_RX_Voice Mixer VoiceMMode2" value="1" />
        <ctl name="VoiceMMode2_Tx Mixer SLIM_0_TX_MMode2" value="1" />
    </path>

    <path name="voicemmode2-call headphones">
        <ctl name="SLIM_6_RX_Voice Mixer VoiceMMode2" value="1" />
        <ctl name="VoiceMMode2_Tx Mixer SLIM_0_TX_MMode2" value="1" />
    </path>

    <path name="voicemmode2-call bt-sco">
        <ctl name="SLIM_7_RX_Voice Mixer VoiceMMode2" value="1" />
        <ctl name="VoiceMMode2_Tx Mixer SLIM_7_TX_MMode2" value="1" />
    </path>

    <path name="voicemmode2-call bt-sco-wb">
        <ctl name="BT SampleRate" value="KHZ_16" />
        <path name="voicemmode2-call bt-sco" />
    </path>

    <path name="voicemmode2-call afe-proxy">
        <ctl name="AFE_PCM_RX_Voice Mixer VoiceMMode2" value="1" />
        <ctl name="VoiceMMode2_Tx Mixer AFE_PCM_TX_MMode2" value="1" />
    </path>

    <path name="voicemmode2-call usb-headphones">
        <ctl name="USB_AUDIO_RX_Voice Mixer VoiceMMode2" value="1" />
        <ctl name="VoiceMMode2_Tx Mixer USB_AUDIO_TX_MMode2" value="1" />
    </path>

    <path name="voicemmode2-call usb-headset">
        <ctl name="USB_AUDIO_RX_Voice Mixer VoiceMMode2" value="1" />
        <ctl name="VoiceMMode2_Tx Mixer USB_AUDIO_TX_MMode2" value="1" />
    </path>

    <path name="listen-voice-wakeup-1">
        <ctl name="LSM1 MUX" value="SLIMBUS_5_TX" />
        <ctl name="SLIMBUS_5_TX LSM Function" value="AUDIO" />
    </path>
    <path name="listen-voice-wakeup-2">
        <ctl name="LSM2 MUX" value="SLIMBUS_5_TX" />
        <ctl name="SLIMBUS_5_TX LSM Function" value="AUDIO" />
    </path>
    <path name="listen-voice-wakeup-3">
        <ctl name="LSM3 MUX" value="SLIMBUS_5_TX" />
        <ctl name="SLIMBUS_5_TX LSM Function" value="AUDIO" />
    </path>
    <path name="listen-voice-wakeup-4">
        <ctl name="LSM4 MUX" value="SLIMBUS_5_TX" />
        <ctl name="SLIMBUS_5_TX LSM Function" value="AUDIO" />
    </path>
    <path name="listen-voice-wakeup-5">
        <ctl name="LSM5 MUX" value="SLIMBUS_5_TX" />
        <ctl name="SLIMBUS_5_TX LSM Function" value="AUDIO" />
    </path>
    <path name="listen-voice-wakeup-6">
        <ctl name="LSM6 MUX" value="SLIMBUS_5_TX" />
        <ctl name="SLIMBUS_5_TX LSM Function" value="AUDIO" />
    </path>
    <path name="listen-voice-wakeup-7">
        <ctl name="LSM7 MUX" value="SLIMBUS_5_TX" />
        <ctl name="SLIMBUS_5_TX LSM Function" value="AUDIO" />
    </path>
    <path name="listen-voice-wakeup-8">
        <ctl name="LSM8 MUX" value="SLIMBUS_5_TX" />
        <ctl name="SLIMBUS_5_TX LSM Function" value="AUDIO" />
    </path>

   <path name="spkr-rx-calib">
        <ctl name="SLIMBUS_DL_HL Switch"  value="1" />
    </path>

    <path name="spkr-vi-record">
    </path>

    <!-- These are actual sound device specific mixer settings -->
    <!-- HS MIC -->
    <path name="adc2">
        <ctl name="AIF1_CAP Mixer SLIM TX0" value="1" />
        <ctl name="SLIM_0_TX Channels" value="One" />
        <ctl name="SLIM TX0 MUX" value="DEC0" />
        <ctl name="ADC MUX0" value="AMIC" />
        <ctl name="AMIC MUX0" value="ADC2" />
        <ctl name="IIR0 INP0 MUX" value="DEC0" />
    </path>

    <!-- For Tavil, DMIC numbered from 0 to 5 -->
	<!-- 1st MIC Bottom -->
	<path name="dmic1">
		<ctl name="AIF1_CAP Mixer SLIM TX7" value="1" />
		<ctl name="CDC_IF TX7 MUX" value="DEC7" />
		<ctl name="SLIM_0_TX Channels" value="One" />
		<ctl name="ADC MUX7" value="DMIC" />
		<ctl name="DMIC MUX7" value="DMIC0" />
		<ctl name="IIR0 INP0 MUX" value="DEC7" />
	</path>

	<path name="dmic2">
		<ctl name="AIF1_CAP Mixer SLIM TX7" value="1" />
		<ctl name="CDC_IF TX7 MUX" value="DEC7" />
		<ctl name="SLIM_0_TX Channels" value="One" />
		<ctl name="ADC MUX7" value="DMIC" />
		<ctl name="DMIC MUX7" value="DMIC1" />
		<ctl name="IIR0 INP0 MUX" value="DEC7" />
	</path>

	<!-- 3rd MIC Top Front -->
	<path name="dmic3">
		<ctl name="AIF1_CAP Mixer SLIM TX5" value="1" />
		<ctl name="CDC_IF TX5 MUX" value="DEC5" />
		<ctl name="SLIM_0_TX Channels" value="One" />
		<ctl name="ADC MUX5" value="DMIC" />
		<ctl name="DMIC MUX5" value="DMIC2" />
		<ctl name="IIR0 INP0 MUX" value="DEC5" />
	</path>

	<path name="dmic4">
		<ctl name="AIF1_CAP Mixer SLIM TX5" value="1" />
		<ctl name="CDC_IF TX5 MUX" value="DEC5" />
		<ctl name="SLIM_0_TX Channels" value="One" />
		<ctl name="ADC MUX5" value="DMIC" />
		<ctl name="DMIC MUX5" value="DMIC3" />
		<ctl name="IIR0 INP0 MUX" value="DEC5" />
	</path>

	<!-- 2nd MIC Top Left-->
	<path name="dmic5">
		<ctl name="AIF1_CAP Mixer SLIM TX6" value="1" />
		<ctl name="CDC_IF TX6 MUX" value="DEC6" />
		<ctl name="SLIM_0_TX Channels" value="One" />
		<ctl name="ADC MUX6" value="DMIC" />
		<ctl name="DMIC MUX6" value="DMIC4" />
		<ctl name="IIR0 INP0 MUX" value="DEC6" />
	</path>

	<path name="dmic6">
		<ctl name="AIF1_CAP Mixer SLIM TX6" value="1" />
		<ctl name="CDC_IF TX6 MUX" value="DEC6" />
		<ctl name="SLIM_0_TX Channels" value="One" />
		<ctl name="ADC MUX6" value="DMIC" />
		<ctl name="DMIC MUX6" value="DMIC5" />
		<ctl name="IIR0 INP0 MUX" value="DEC6" />
	</path>

    <!-- Dual MIC case -->
    <!-- Ch1: 1st mic DEC7/TX7, Ch2: 2nd mic DEC6/TX6 -->
    <path name="handset-dmic-endfire">
        <ctl name="AIF1_CAP Mixer SLIM TX7" value="1" />
        <ctl name="AIF1_CAP Mixer SLIM TX6" value="1" />
        <ctl name="CDC_IF TX7 MUX" value="DEC7" />
        <ctl name="CDC_IF TX6 MUX" value="DEC6" />
        <ctl name="ADC MUX7" value="DMIC" />
        <ctl name="ADC MUX6" value="DMIC" />
        <ctl name="DMIC MUX7" value="DMIC0" />
        <ctl name="DMIC MUX6" value="DMIC4" />
        <ctl name="IIR0 INP0 MUX" value="DEC7" />
        <ctl name="SLIM_0_TX Channels" value="Two" />
        <ctl name="DEC7 Volume" value="84" />
        <ctl name="DEC6 Volume" value="84" />
    </path>

    <!-- Triple MIC case -->
    <!-- Ch1: 3rd mic DEC5/TX5, Ch2: 2nd mic DEC6/TX6, Ch3: 1st mic DEC7/TX7-->
    <path name="triple-mic">
        <ctl name="AIF1_CAP Mixer SLIM TX5" value="1" />
        <ctl name="AIF1_CAP Mixer SLIM TX6" value="1" />
        <ctl name="AIF1_CAP Mixer SLIM TX7" value="1" />
        <ctl name="CDC_IF TX5 MUX" value="DEC5" />
        <ctl name="ADC MUX5" value="DMIC" />
        <ctl name="DMIC MUX5" value="DMIC2" />
        <ctl name="CDC_IF TX6 MUX" value="DEC6" />
        <ctl name="ADC MUX6" value="DMIC" />
        <ctl name="DMIC MUX6" value="DMIC4" />
        <ctl name="CDC_IF TX7 MUX" value="DEC7" />
        <ctl name="ADC MUX7" value="DMIC" />
        <ctl name="DMIC MUX7" value="DMIC0" />
        <ctl name="IIR0 INP0 MUX" value="DEC5" />
        <ctl name="SLIM_0_TX Channels" value="Three" />
    </path>

    <!-- QUAT MIC case -->
    <!-- Ch1: 3rd mic DEC5/TX5, Ch2: 2nd mic DEC6/TX6, Ch3: 1st mic DEC7/TX7, Ch4 4th mic DEC8/TX8 -->
    <path name="quad-mic">
        <ctl name="AIF1_CAP Mixer SLIM TX5" value="1" />
        <ctl name="AIF1_CAP Mixer SLIM TX6" value="1" />
        <ctl name="AIF1_CAP Mixer SLIM TX7" value="1" />
        <ctl name="AIF1_CAP Mixer SLIM TX8" value="1" />
        <ctl name="CDC_IF TX5 MUX" value="DEC5" />
        <ctl name="ADC MUX5" value="DMIC" />
        <ctl name="DMIC MUX5" value="DMIC5" />
        <ctl name="CDC_IF TX6 MUX" value="DEC6" />
        <ctl name="ADC MUX6" value="DMIC" />
        <ctl name="DMIC MUX6" value="DMIC2" />
        <ctl name="CDC_IF TX7 MUX" value="DEC7" />
        <ctl name="ADC MUX7" value="DMIC" />
        <ctl name="DMIC MUX7" value="DMIC0" />
        <ctl name="ADC MUX8" value="DMIC" />
        <ctl name="DMIC MUX8" value="DMIC3" />
        <ctl name="IIR0 INP0 MUX" value="DEC5" />
        <ctl name="SLIM_0_TX Channels" value="Four" />
        <ctl name="DEC5 Volume" value="106" />
        <ctl name="DEC6 Volume" value="106" />
        <ctl name="DEC7 Volume" value="106" />
        <ctl name="DEC8 Volume" value="106" />
    </path>

    <!-- Ch1: 3rd mic DEC5/TX5, Ch2: 2nd mic DEC6/TX6, Ch3: 1st mic DEC7/TX7, Ch4 4th mic DEC8/TX8 -->
    <path name="unprocessed-quad-mic">
        <path name="quad-mic" />
        <ctl name="DEC5 Volume" value="86" />
        <ctl name="DEC6 Volume" value="86" />
        <ctl name="DEC7 Volume" value="86" />
        <ctl name="DEC8 Volume" value="86" />
    </path>

    <!-- three mic TX 3rd:DEC5 22dB, 2nd:DEC6 22dB, 1st:DEC7 22dB,-->
    <path name="three-mic">
        <path name="triple-mic" />
        <ctl name="DEC5 Volume" value="106" />
        <ctl name="DEC6 Volume" value="106" />
        <ctl name="DEC7 Volume" value="106" />
    </path>

    <!-- Unprocessed-three-mic TX 3rd:DEC5 2dB, 2nd:DEC6 2dB, 1st:DEC7 2dB,-->
    <path name="unprocessed-three-mic">
        <path name="three-mic" />
        <ctl name="DEC5 Volume" value="86" />
        <ctl name="DEC6 Volume" value="86" />
        <ctl name="DEC7 Volume" value="86" />
    </path>

    <!-- Sidetone -->
    <path name="sidetone-iir">
        <ctl name="IIR0 Enable Band1" value="1" />
        <ctl name="IIR0 Enable Band2" value="1" />
        <ctl name="IIR0 Enable Band3" value="1" />
        <ctl name="IIR0 Enable Band4" value="1" />
        <ctl name="IIR0 Enable Band5" value="1" />
        <ctl name="IIR0 Band1" id="0" value="135422937" />
        <ctl name="IIR0 Band1" id="1" value="909574425" />
        <ctl name="IIR0 Band1" id="2" value="48727232" />
        <ctl name="IIR0 Band1" id="3" value="190454089" />
        <ctl name="IIR0 Band1" id="4" value="47831032" />
        <ctl name="IIR0 Band2" id="0" value="135422937" />
        <ctl name="IIR0 Band2" id="1" value="806478611" />
        <ctl name="IIR0 Band2" id="2" value="131866194" />
        <ctl name="IIR0 Band2" id="3" value="558832937" />
        <ctl name="IIR0 Band2" id="4" value="247101945" />
        <ctl name="IIR0 Band3" id="0" value="135422937" />
        <ctl name="IIR0 Band3" id="1" value="815742106" />
        <ctl name="IIR0 Band3" id="2" value="131208639" />
        <ctl name="IIR0 Band3" id="3" value="560067457" />
        <ctl name="IIR0 Band3" id="4" value="261417220" />
        <ctl name="IIR0 Band4" id="0" value="135422937" />
        <ctl name="IIR0 Band4" id="1" value="865625206" />
        <ctl name="IIR0 Band4" id="2" value="96076112" />
        <ctl name="IIR0 Band4" id="3" value="570358182" />
        <ctl name="IIR0 Band4" id="4" value="246893021" />
        <ctl name="IIR0 Band5" id="0" value="135422937" />
        <ctl name="IIR0 Band5" id="1" value="1066413234" />
        <ctl name="IIR0 Band5" id="2" value="312661" />
        <ctl name="IIR0 Band5" id="3" value="571834397" />
        <ctl name="IIR0 Band5" id="4" value="237886587" />
    </path>

    <path name="sidetone-headphones">
        <path name="sidetone-iir" />
        <ctl name="IIR0 INP0 Volume" value="48" />
        <ctl name="RX INT1 MIX2 INP" value="SRC0" />
        <ctl name="RX INT2 MIX2 INP" value="SRC0" />
    </path>

    <path name="sidetone-handset">
        <ctl name="Voice Sidetone Enable" value="1" />
    </path>

    <path name="sidetone-hac-handset">
    </path>

    <!-- SPK -->
    <path name="speaker">
    </path>

    <path name="speaker-safe">
        <ctl name="Stereo Configuration" value="4" />
        <ctl name="QUAT_MI2S_RX Channels" value="One"/>
    </path>

    <path name="speaker-reverse">
        <path name="speaker" />
    </path>

    <path name="speaker-mono">
       <ctl name="Stereo Configuration" value="2" />
    </path>

    <path name="speaker-protected">
       <path name="speaker" />
    </path>

    <path name="voice-speaker-protected">
       <path name="speaker-mono" />
    </path>

    <path name="vi-feedback">
    </path>

    <!-- Phone SPK RX -->
    <path name="voice-speaker">
        <path name="speaker-mono" />
        <ctl name="QUAT_MI2S_RX Channels" value="One" />
    </path>

    <!-- Phone SPK RX -->
    <path name="voice-speaker-hfp">
        <path name="speaker-mono" />
    </path>

    <!-- Phone SPK TX 3rd:DEC5 16dB, 2nd:DEC6 16dB, 1st:DEC7 16dB,-->
    <path name="voice-speaker-mic">
        <path name="triple-mic" />
        <ctl name="DEC5 Volume" value="100" />
        <ctl name="DEC6 Volume" value="100" />
        <ctl name="DEC7 Volume" value="100" />
    </path>

    <!-- Phone SPK TX 3rd:DEC5 16dB, 2nd:DEC6 16dB, 1st:DEC7 16dB,-->
    <path name="voice-speaker-dmic-ef">
        <path name="triple-mic" />
        <ctl name="DEC5 Volume" value="100" />
        <ctl name="DEC6 Volume" value="100" />
        <ctl name="DEC7 Volume" value="100" />
    </path>

    <!-- FluenceProv2 voice call SPK for taimen -->
    <path name="voice-speaker-tmic">
        <path name="triple-mic" />
        <ctl name="DEC5 Volume" value="100" />
        <ctl name="DEC6 Volume" value="100" />
        <ctl name="DEC7 Volume" value="100" />
    </path>

    <!-- FluenceProv2 voice call SPK for taimen -->
    <path name="voice-speaker-qmic">
        <path name="triple-mic" />
        <ctl name="DEC5 Volume" value="100" />
        <ctl name="DEC6 Volume" value="100" />
        <ctl name="DEC7 Volume" value="100" />
    </path>

    <!-- Phone SPK TX 3rd:DEC5 4dB, 2nd:DEC6 4dB, 1st:DEC7 4dB,-->
    <path name="speaker-dmic-endfire">
        <path name="triple-mic" />
        <ctl name="DEC5 Volume" value="100" />
        <ctl name="DEC6 Volume" value="100" />
        <ctl name="DEC7 Volume" value="100" />
    </path>

    <!-- SPKR_PHONE_MIC 3nd D:4 dB -->
    <path name="speaker-mic">
        <path name="dmic3" />
        <ctl name="DEC5 Volume" value="88" />
    </path>

    <!-- TX Main-mic D:4 dB -->
    <path name="handset-mic">
        <path name="dmic2" />
        <ctl name="DEC7 Volume" value="88" />
    </path>

    <!-- VR MIC 1st D:22 dB -->
    <path name="voice-rec-mic">
        <path name="dmic2" />
        <ctl name="DEC7 Volume" value="106" />
    </path>

    <!-- Unprocessed Handset MIC 1st D:2 dB -->
    <path name="unprocessed-handset-mic">
        <path name="voice-rec-mic" />
        <ctl name="DEC7 Volume" value="86" />
    </path>

    <!-- CAMCORDER MIC 2nd D:0 dB -->
    <path name="camcorder-mic">
        <path name="dmic5" />
        <ctl name="DEC6 Volume" value="84" />
        <ctl name="SLIM_0_TX Format" value="S24_LE" />
    </path>

    <!-- TX Dual-mic 1st MIC D:4 dB, 2nd MIC:4 dB -->
    <path name="dmic-endfire">
        <path name="handset-dmic-endfire" />
        <ctl name="DEC7 Volume" value="93" />
        <ctl name="DEC6 Volume" value="93" />
    </path>

    <!-- Phone RCV TX Dual-mic 1st MIC D:13 dB, 2nd MIC:13 dB -->
    <path name="voice-dmic-ef-tmus">
        <path name="handset-dmic-endfire" />
        <ctl name="DEC7 Volume" value="97" />
        <ctl name="DEC6 Volume" value="97" />
    </path>

    <!-- Phone RCV TX Dual-mic 1st MIC D:13 dB, 2nd MIC:13 dB -->
    <path name="voice-dmic-ef">
        <path name="handset-dmic-endfire" />
        <ctl name="DEC7 Volume" value="97" />
        <ctl name="DEC6 Volume" value="97" />
    </path>

    <!-- VR Dual-MIC 1st D:22 dB -->
    <path name="voice-rec-dmic-ef">
        <path name="handset-dmic-endfire" />
        <ctl name="DEC7 Volume" value="106" />
        <ctl name="DEC6 Volume" value="106" />
    </path>

    <!-- Unprocessed-stereo-mic 1st D:2 dB, 2nd D:2 dB -->
    <path name="unprocessed-stereo-mic">
        <path name="voice-rec-dmic-ef" />
        <ctl name="DEC7 Volume" value="86" />
        <ctl name="DEC6 Volume" value="86" />
    </path>

    <path name="handset">
        <ctl name="Stereo Configuration" value="1" />
        <ctl name="Stereo LDAC Playback Volume" value="0" />
        <ctl name="QUAT_MI2S_RX Channels" value="One" />
    </path>

    <!-- Phone RCV RX -->
    <path name="voice-handset">
        <path name="handset" />
    </path>

    <!-- Phone RCV tmus RX -->
    <path name="voice-handset-tmus">
        <path name="handset" />
    </path>

    <!-- Phone RCV HAC RX -->
    <path name="voice-hac-handset">
        <ctl name="SLIM RX0 MUX" value="AIF1_PB" />
        <ctl name="CDC_IF RX0 MUX" value="SLIM RX0" />
        <ctl name="SLIM_0_RX Channels" value="One" />
        <ctl name="RX INT0_1 MIX1 INP0" value="RX0" />
        <ctl name="SLIMBUS_0_RX Audio Mixer MultiMedia1" value="1" />
        <ctl name="RX INT0 DEM MUX" value="CLSH_DSM_OUT" />
        <ctl name="EAR PA Gain" value="G_6_DB" />
    </path>

    <!-- HS RX path with DRE on -->
    <path name="headphones-DRE">
        <ctl name="SLIM RX2 MUX" value="AIF4_PB" />
        <ctl name="SLIM RX3 MUX" value="AIF4_PB" />
        <ctl name="SLIM_6_RX Channels" value="Two" />
        <ctl name= "RX INT1_2 MUX" value="RX2" />
        <ctl name= "RX INT2_2 MUX" value="RX3" />
        <ctl name="RX INT1 DEM MUX" value="CLSH_DSM_OUT" />
        <ctl name="RX INT2 DEM MUX" value="CLSH_DSM_OUT" />
        <ctl name="RX HPH Mode" value="CLS_H_LOHIFI" />
        <ctl name="COMP1 Switch" value="1" />
        <ctl name="COMP2 Switch" value="1" />
        <ctl name="RX1 Mix Digital Volume" value="84" />
        <ctl name="RX2 Mix Digital Volume" value="84" />
        <ctl name="HPHL Volume" value="20" />
        <ctl name="HPHR Volume" value="20" />
    </path>

    <!-- HS RX path with DRE off -->
    <path name="headphones-generic">
        <ctl name="SLIM RX2 MUX" value="AIF4_PB" />
        <ctl name="SLIM RX3 MUX" value="AIF4_PB" />
        <ctl name="SLIM_6_RX Channels" value="Two" />
        <ctl name= "RX INT1_2 MUX" value="RX2" />
        <ctl name= "RX INT2_2 MUX" value="RX3" />
        <ctl name="RX INT1 DEM MUX" value="CLSH_DSM_OUT" />
        <ctl name="RX INT2 DEM MUX" value="CLSH_DSM_OUT" />
        <ctl name="COMP1 Switch" value="0" />
        <ctl name="COMP2 Switch" value="0" />
        <ctl name="RX1 Mix Digital Volume" value="84" />
        <ctl name="RX2 Mix Digital Volume" value="84" />
        <ctl name="HPHL Volume" value="20" />
        <ctl name="HPHR Volume" value="20" />
    </path>

    <!-- HS RX -->
    <!-- HS RX playback D:-7 dB, A:0 dB -->
    <path name="headphones">
        <path name="headphones-DRE" />
        <ctl name="RX1 Mix Digital Volume" value="77" />
        <ctl name="RX2 Mix Digital Volume" value="77" />
        <ctl name="HPHL Volume" value="20" />
        <ctl name="HPHR Volume" value="20" />
    </path>

    <!-- HS RX line D:0 dB, A:0 dB -->
    <path name="line">
        <path name="headphones-DRE" />
        <ctl name="RX1 Mix Digital Volume" value="84" />
        <ctl name="RX2 Mix Digital Volume" value="84" />
        <ctl name="HPHL Volume" value="20" />
        <ctl name="HPHR Volume" value="20" />
    </path>

    <!-- Phone HS RX D:0 dB, A:0 dB -->
    <path name="voice-headphones">
        <path name="headphones-generic" />
        <ctl name="RX1 Mix Digital Volume" value="84" />
        <ctl name="RX2 Mix Digital Volume" value="84" />
        <ctl name="HPHL Volume" value="20" />
        <ctl name="HPHR Volume" value="20" />
    </path>

    <!-- Phone HS line RX D:0 dB, A:0 dB -->
    <path name="voice-line">
        <path name="headphones-generic" />
        <ctl name="RX1 Mix Digital Volume" value="84" />
        <ctl name="RX2 Mix Digital Volume" value="84" />
        <ctl name="HPHL Volume" value="20" />
        <ctl name="HPHR Volume" value="20" />
    </path>

    <!-- HS TX D:0 dB, A:12 dB -->
    <path name="headset-mic">
        <path name="adc2" />
        <ctl name="ADC2 Volume" value="8" />
        <ctl name="DEC0 Volume" value="84" />
    </path>

    <!-- Unprocessed-headset-mic TX D:0 dB, A:12 dB -->
    <path name="unprocessed-headset-mic">
        <path name="headset-mic" />
    </path>

    <!-- Phone HS TX D:0 dB, A:21 dB -->
    <path name="voice-headset-mic">
        <path name="headset-mic" />
        <ctl name="ADC2 Volume" value="14" />
        <ctl name="DEC0 Volume" value="84" />
    </path>

    <!-- Ring HS&SPK RX D:0 dB A:-24 dB -->
    <path name="speaker-and-headphones">
        <path name="headphones-generic" />
        <path name="speaker" />
        <ctl name="RX1 Mix Digital Volume" value="84" />
        <ctl name="RX2 Mix Digital Volume" value="84" />
        <ctl name="HPHL Volume" value="4" />
        <ctl name="HPHR Volume" value="4" />
    </path>

    <!-- HS&SPK-safe RX D:0 dB A:-24 dB -->
    <path name="speaker-safe-and-headphones">
        <path name="headphones-generic" />
        <path name="speaker" />
        <ctl name="RX1 Mix Digital Volume" value="84" />
        <ctl name="RX2 Mix Digital Volume" value="84" />
        <ctl name="HPHL Volume" value="4" />
        <ctl name="HPHR Volume" value="4" />
    </path>

    <!-- HS line&SPK RX D:0 dB A:-24 dB -->
    <path name="speaker-and-line">
        <path name="headphones-generic" />
        <path name="speaker" />
        <ctl name="RX1 Mix Digital Volume" value="84" />
        <ctl name="RX2 Mix Digital Volume" value="84" />
        <ctl name="HPHL Volume" value="4" />
        <ctl name="HPHR Volume" value="4" />
    </path>

    <!-- HS line&SPK-safe RX D:0 dB A:-24 dB -->
    <path name="speaker-safe-and-line">
        <path name="headphones-generic" />
        <path name="speaker" />
        <ctl name="RX1 Mix Digital Volume" value="84" />
        <ctl name="RX2 Mix Digital Volume" value="84" />
        <ctl name="HPHL Volume" value="4" />
        <ctl name="HPHR Volume" value="4" />
    </path>

    <path name="spkr-gain-in-headphone-combo">
        <ctl name="Left Speaker Gain" value="20" />
        <ctl name="Right Speaker Gain" value="20" />
    </path>

    <path name="speaker-gain-default">
        <ctl name="Left Speaker Gain" value="20" />
        <ctl name="Right Speaker Gain" value="20" />
    </path>

    <path name="spkr-gain-in-line-combo">
        <path name="spkr-gain-in-headphone-combo" />
    </path>

    <path name="spkr-safe-gain-in-line-combo">
        <path name="speaker-and-headphones" />
    </path>

    <path name="spkr-safe-gain-in-headphone-combo">
        <path name="speaker-and-headphones" />
    </path>

    <path name="usb-headphones">
    </path>

    <path name="usb-headset">
    </path>

    <path name="afe-proxy">
    </path>

    <path name="display-port">
    </path>

    <path name="speaker-and-usb-headphones">
        <path name="speaker" />
        <path name="usb-headphones" />
    </path>

    <path name="speaker-and-display-port">
        <path name="speaker" />
        <path name="display-port" />
    </path>

    <!-- Unprocessed MIC 1st D:2 dB -->
    <path name="unprocessed-mic">
        <path name="dmic2" />
        <ctl name="DEC7 Volume" value="86" />
    </path>

    <path name="hdmi-tx">
        <path name="handset-mic" />
    </path>

    <path name="bt-sco-headset">
    </path>

    <path name="bt-sco-headset-wb">
    </path>

    <path name="speaker-and-bt-sco">
        <path name="speaker"/>
        <path name="bt-sco-headset"/>
    </path>

    <path name="speaker-and-bt-sco-wb">
        <path name="speaker"/>
        <path name="bt-sco-headset-wb"/>
    </path>

    <path name="speaker-safe-and-bt-sco">
        <path name="speaker-safe"/>
        <path name="bt-sco-headset"/>
    </path>

    <path name="speaker-safe-and-bt-sco-wb">
        <path name="speaker-safe"/>
        <path name="bt-sco-headset-wb"/>
    </path>

    <path name="bt-sco-mic">
    </path>

    <path name="bt-sco-mic-wb">
    </path>

    <path name="usb-headset-mic">
    </path>

    <path name="capture-fm">
    </path>

    <path name="handset-stereo-dmic-ef">
        <path name="handset-dmic-endfire" />
    </path>

    <path name="speaker-stereo-dmic-ef">
        <path name="speaker-dmic-endfire" />
    </path>

    <path name="voice-rec-dmic-ef-fluence">
        <path name="dmic-endfire" />
    </path>

    <path name="speaker-dmic-broadside">
        <ctl name="AIF1_CAP Mixer SLIM TX7" value="1" />
        <ctl name="AIF1_CAP Mixer SLIM TX8" value="1" />
        <ctl name="SLIM_0_TX Channels" value="Two" />
        <ctl name="CDC_IF TX7 MUX" value="DEC7" />
        <ctl name="ADC MUX7" value="DMIC" />
        <ctl name="DMIC MUX7" value="DMIC0" />
        <ctl name="SLIM TX8 MUX" value="DEC8" />
        <ctl name="ADC MUX8" value="DMIC" />
        <ctl name="DMIC MUX8" value="DMIC2" />
    </path>

    <path name="dmic-broadside">
        <path name="speaker-dmic-broadside" />
        <ctl name="IIR0 INP0 MUX" value="DEC7" />
    </path>

    <path name="voice-speaker-dmic-broadside">
        <path name="dmic-broadside" />
    </path>

    <!-- TTY devices -->
    <path name="tty-headphones">
        <ctl name="SLIM RX2 MUX" value="AIF4_PB" />
        <ctl name="SLIM RX3 MUX" value="AIF4_PB" />
        <ctl name="SLIM_6_RX Channels" value="Two" />
        <ctl name= "RX INT1_2 MUX" value="RX2" />
        <ctl name= "RX INT2_2 MUX" value="RX3" />
        <ctl name="RX INT1 DEM MUX" value="CLSH_DSM_OUT" />
        <ctl name="RX INT2 DEM MUX" value="CLSH_DSM_OUT" />
        <ctl name="COMP1 Switch" value="0" />
        <ctl name="COMP2 Switch" value="0" />
        <ctl name="RX1 Mix Digital Volume" value="84" />
        <ctl name="RX2 Mix Digital Volume" value="84" />
    </path>

    <!-- TTY devices Full RX D:0 dB, A:-6dB -->
    <path name="voice-tty-full-headphones">
        <ctl name="TTY Mode" value="FULL" />
        <path name="tty-headphones" />
        <ctl name="RX1 Mix Digital Volume" value="84" />
        <ctl name="RX2 Mix Digital Volume" value="84" />
        <ctl name="HPHL Volume" value="16" />
        <ctl name="HPHR Volume" value="16" />
    </path>

    <!-- TTY devices Full TX D:-2 dB, A:12dB -->
    <path name="voice-tty-full-headset-mic">
        <path name="adc2" />
        <ctl name="ADC2 Volume" value="8" />
        <ctl name="DEC0 Volume" value="82" />
    </path>

    <!-- TTY devices VCO RX D:0 dB, A:-6dB -->
    <path name="voice-tty-vco-headphones">
        <ctl name="TTY Mode" value="VCO" />
        <path name="tty-headphones" />
        <ctl name="RX1 Mix Digital Volume" value="84" />
        <ctl name="RX2 Mix Digital Volume" value="84" />
        <ctl name="HPHL Volume" value="16" />
        <ctl name="HPHR Volume" value="16" />
    </path>

    <!-- TTY devices VCO SPK TX D:16 dB -->
    <path name="voice-tty-vco-handset-mic">
        <path name="triple-mic" />
        <ctl name="DEC5 Volume" value="100" />
        <ctl name="DEC6 Volume" value="100" />
        <ctl name="DEC7 Volume" value="100" />
    </path>

    <!-- TTY devices HCO SPK RX -->
    <path name="voice-tty-hco-handset">
        <ctl name="TTY Mode" value="HCO" />
        <path name="voice-speaker" />
    </path>

    <!-- TTY devices HCO TX D:-2 dB, A:12dB -->
    <path name="voice-tty-hco-headset-mic">
        <path name="voice-tty-full-headset-mic" />
        <ctl name="ADC2 Volume" value="8" />
        <ctl name="DEC0 Volume" value="82" />
    </path>

    <path name="voice-tty-full-usb-mic">
    </path>

    <path name="voice-tty-hco-usb-mic">
    </path>

    <path name="voice-tty-full-usb">
        <ctl name="TTY Mode" value="FULL" />
    </path>

    <path name="voice-tty-vco-usb">
        <ctl name="TTY Mode" value="VCO" />
    </path>

    <path name="listen-handset-mic">
        <ctl name="MADONOFF Switch" value="1" />
        <ctl name="MAD Input" value="ADC1" />
    </path>

    <path name="set-capture-format-24le">
        <ctl name="SLIM_0_TX Format" value="S24_LE" />
    </path>

    <path name="set-capture-format-16le">
        <ctl name="SLIM_0_TX Format" value="S16_LE" />
    </path>

    <path name="set-capture-format-default">
        <path name="set-capture-format-16le" />
    </path>

    <!-- Added for ADSP testfwk -->
    <path name="ADSP testfwk">
        <ctl name="SLIMBUS_DL_HL Switch" value="1" />
    </path>

    <path name="bt-a2dp">
        <ctl name="BT SampleRate" value="KHZ_48" />
        <ctl name="AFE Input Channels" value="Two" />
        <ctl name="SLIM7_RX ADM Channels" value="Two" />
    </path>

    <path name="speaker-and-bt-a2dp">
        <path name="speaker" />
        <path name="bt-a2dp" />
    </path>

    <path name="deep-buffer-playback bt-a2dp">
        <ctl name="SLIMBUS_7_RX Audio Mixer MultiMedia1" value="1" />
    </path>

    <path name="low-latency-playback bt-a2dp">
        <ctl name="SLIMBUS_7_RX Audio Mixer MultiMedia5" value="1" />
    </path>

    <path name="compress-offload-playback bt-a2dp">
        <ctl name="SLIMBUS_7_RX Audio Mixer MultiMedia4" value="1" />
    </path>

    <path name="audio-ull-playback bt-a2dp">
        <ctl name="SLIMBUS_7_RX Audio Mixer MultiMedia8" value="1" />
    </path>

    <path name="deep-buffer-playback speaker-and-bt-a2dp">
        <path name="deep-buffer-playback bt-a2dp" />
        <path name="deep-buffer-playback speaker" />
    </path>

    <path name="compress-offload-playback speaker-and-bt-a2dp">
        <path name="compress-offload-playback bt-a2dp" />
        <path name="compress-offload-playback speaker" />
    </path>

    <path name="low-latency-playback speaker-and-bt-a2dp">
        <path name="low-latency-playback bt-a2dp" />
        <path name="low-latency-playback speaker" />
    </path>

    <path name="audio-ull-playback speaker-and-bt-a2dp">
        <path name="audio-ull-playback bt-a2dp" />
        <path name="audio-ull-playback speaker" />
    </path>

    <path name="voice-rx">
    </path>

    <path name="voice-tx">
    </path>

<!-- VoIP Rx settings -->
    <path name="audio-playback-voip">
      <ctl name="QUAT_MI2S_RX Audio Mixer MultiMedia10" value="1" />
    </path>

    <path name="audio-playback-voip speaker">
      <ctl name="QUAT_MI2S_RX Audio Mixer MultiMedia10" value="1" />
    </path>

    <path name="audio-playback-voip handset">
        <ctl name="QUAT_MI2S_RX Audio Mixer MultiMedia10" value="1" />
    </path>

    <path name="audio-playback-voip bt-sco">
      <ctl name="SLIMBUS_7_RX Audio Mixer MultiMedia10" value="1" />
    </path>

    <path name="audio-playback-voip bt-sco-wb">
      <ctl name="BT SampleRate" value="KHZ_16" />
      <path name="audio-playback-voip bt-sco" />
    </path>

    <path name="audio-playback-voip afe-proxy">
      <ctl name="AFE_PCM_RX Audio Mixer MultiMedia10" value="1" />
    </path>

    <path name="audio-playback-voip usb-headphones">
      <ctl name="USB_AUDIO_RX Audio Mixer MultiMedia10" value="1" />
    </path>

    <path name="audio-playback-voip usb-headset">
      <ctl name="USB_AUDIO_RX Audio Mixer MultiMedia10" value="1" />
    </path>

    <path name="audio-playback-voip handset-hac">
      <ctl name="SLIMBUS_0_RX Audio Mixer MultiMedia10" value="1" />
    </path>

<!-- VoIP Tx settings -->
    <path name="audio-record-voip">
      <ctl name="MultiMedia10 Mixer SLIM_0_TX" value="1" />
    </path>

    <path name="audio-record-voip usb-headset-mic">
      <ctl name="MultiMedia10 Mixer USB_AUDIO_TX" value="1" />
    </path>

    <path name="audio-record-voip bt-sco">
      <ctl name="MultiMedia10 Mixer SLIM_7_TX" value="1" />
    </path>

    <path name="audio-record-voip bt-sco-wb">
      <ctl name="BT SampleRate" value="KHZ_16" />
      <path name="audio-record-voip bt-sco" />
    </path>


<!-- voip loopback -->
    <path name="voip-loopback">
        <ctl name="QUAT_MI2S_RX_Voice Mixer Voip" value="1" />
        <ctl name="Voip_Tx Mixer SLIM_0_TX_Voip" value="1" />
        <ctl name="Stereo Configuration" value="1" />
    </path>

    <path name="voip-loopback speaker">
        <ctl name="QUAT_MI2S_RX_Voice Mixer Voip" value="1" />
        <ctl name="Voip_Tx Mixer SLIM_0_TX_Voip" value="1" />
        <ctl name="Stereo Configuration" value="2" />
    </path>

    <path name="voip-loopback headphones">
        <ctl name="SLIM_6_RX_Voice Mixer Voip" value="1" />
        <ctl name="Voip_Tx Mixer SLIM_0_TX_Voip" value="1" />
    </path>

    <path name="voip-loopback bt-sco">
        <ctl name="SLIM_7_RX_Voice Mixer Voip" value="1" />
        <ctl name="Voip_Tx Mixer SLIM_7_TX_Voip" value="1" />
    </path>

    <path name="voip-loopback bt-sco-wb">
        <ctl name="BT SampleRate" value="KHZ_16" />
        <path name="voip-loopback bt-sco" />
    </path>

    <path name="loopback-earpiece">
        <ctl name="QUAT_MI2S_RX_Voice Mixer VoiceMMode1" value="1" />
        <ctl name="VoiceMMode1_Tx Mixer SLIM_0_TX_MMode1" value="1" />
        <ctl name="Stereo Configuration" value="1" />
    </path>

    <path name="loopback-speaker">
        <ctl name="QUAT_MI2S_RX_Voice Mixer VoiceMMode1" value="1" />
        <ctl name="VoiceMMode1_Tx Mixer SLIM_0_TX_MMode1" value="1" />
        <ctl name="Stereo Configuration" value="2" />
    </path>

    <path name="loopback-speaker-mic">
        <path name="dmic3" />
    </path>

    <path name="loopback-headset-mic">
        <path name="headset-mic" />
        <ctl name="DEC0 Volume" value="84" />
        <ctl name="ADC2 Volume" value="8" />
    </path>

    <path name="loopback-handset-mic">
        <path name="dmic1" />
        <ctl name="DEC7 Volume" value="90" />
    </path>

    <path name="loopback-third-mic">
        <path name="dmic5" />
        <ctl name="DEC6 Volume" value="90" />
    </path>

    <path name="loopback-submic1">
        <path name="dmic3" />
        <ctl name="DEC5 Volume" value="90" />
    </path>

    <path name="loopback-submic2">
        <path name="dmic5" />
        <ctl name="DEC6 Volume" value="90" />
    </path>

<!-- taimen factory -->
    <path name="mictest-taimen-mic1">
        <path name="dmic1" />
        <ctl name="DEC7 Volume" value="84" />
    </path>

    <path name="mictest-taimen-mic2">
        <path name="dmic3" />
        <ctl name="DEC5 Volume" value="84" />
    </path>

    <path name="mictest-taimen-mic3">
        <path name="dmic5" />
        <ctl name="DEC6 Volume" value="84" />
    </path>

    <path name="mictest-taimen-spk1">
		<ctl name="QUAT_MI2S_RX Audio Mixer MultiMedia1" value="1" />
		<ctl name="Stereo Configuration" value="1" />
    </path>

    <path name="mictest-taimen-spk2">
		<ctl name="QUAT_MI2S_RX Audio Mixer MultiMedia1" value="1" />
		<ctl name="Stereo Configuration" value="2" />
    </path>

    <path name="incall-rec-uplink">
        <ctl name="MultiMedia1 Mixer VOC_REC_UL" value="1" />
    </path>

    <path name="incall-rec-uplink bt-sco">
        <path name="incall-rec-uplink" />
    </path>

    <path name="incall-rec-uplink bt-sco-wb">
        <path name="incall-rec-uplink" />
    </path>

    <path name="incall-rec-uplink usb-headset-mic">
        <path name="incall-rec-uplink" />
    </path>

    <path name="incall-rec-downlink">
        <ctl name="MultiMedia1 Mixer VOC_REC_DL"  value="1" />
    </path>

    <path name="incall-rec-downlink bt-sco">
        <path name="incall-rec-downlink" />
    </path>

    <path name="incall-rec-downlink bt-sco-wb">
        <path name="incall-rec-downlink" />
    </path>

    <path name="incall-rec-downlink usb-headset-mic">
        <path name="incall-rec-downlink" />
    </path>

    <path name="incall-rec-uplink-and-downlink">
        <path name="incall-rec-uplink" />
        <path name="incall-rec-downlink" />
    </path>

    <path name="incall-rec-uplink-and-downlink bt-sco">
        <path name="incall-rec-uplink-and-downlink" />
    </path>

    <path name="incall-rec-uplink-and-downlink bt-sco-wb">
        <path name="incall-rec-uplink-and-downlink" />
    </path>

    <path name="incall-rec-uplink-and-downlink usb-headset-mic">
        <path name="incall-rec-uplink-and-downlink" />
    </path>

    <path name="incall-music-uplink">
        <ctl name="Incall_Music Audio Mixer MultiMedia9" value="1" />
    </path>

    <path name="incall-music-uplink speaker">
        <path name="incall-music-uplink" />
    </path>

    <path name="incall-music-uplink handset">
        <path name="incall-music-uplink" />
    </path>

    <path name="incall-music-uplink handset-hac">
        <path name="incall-music-uplink" />
    </path>

    <path name="incall-music-uplink display-port">
        <path name="incall-music-uplink" />
    </path>

    <path name="incall-music-uplink bt-sco">
        <path name="incall-music-uplink" />
    </path>

    <path name="incall-music-uplink bt-sco-wb">
        <path name="incall-music-uplink" />
    </path>

    <path name="incall-music-uplink speaker-and-display-port">
        <path name="incall-music-uplink" />
    </path>

    <path name="incall-music-uplink afe-proxy">
        <path name="incall-music-uplink" />
    </path>

    <path name="incall-music-uplink usb-headphones">
        <path name="incall-music-uplink" />
    </path>

    <path name="incall-music-uplink usb-headset">
        <path name="incall-music-uplink" />
    </path>

    <path name="incall-music-uplink speaker-and-usb-headphones">
        <path name="incall-music-uplink" />
    </path>

    <path name="incall-music-uplink headphones">
        <path name="incall-music-uplink" />
    </path>

    <path name="incall-music-uplink speaker-and-headphones">
        <path name="incall-music-uplink" />
    </path>

    <path name="incall-music-uplink speaker-and-bt-sco">
        <path name="incall-music-uplink" />
    </path>

    <path name="incall-music-uplink voice-tty-hco-handset">
        <path name="incall-music-uplink" />
    </path>

    <path name="incall-music-uplink voice-tty-vco-usb">
        <path name="incall-music-uplink" />
    </path>

</mixer>
