<?xml version="1.0" encoding="utf-8"?>
<permissions>
    <privapp-permissions package="com.android.hotwordenrollment.okgoogle">
        <permission name="android.permission.MANAGE_VOICE_KEYPHRASES"/>
    </privapp-permissions>

    <privapp-permissions package="com.android.hotwordenrollment.tgoogle">
        <permission name="android.permission.MANAGE_VOICE_KEYPHRASES"/>
    </privapp-permissions>

    <privapp-permissions package="com.android.hotwordenrollment.xgoogle">
        <permission name="android.permission.MANAGE_VOICE_KEYPHRASES"/>
    </privapp-permissions>

    <privapp-permissions package="com.google.modemservice">
        <permission name="android.permission.MANAGE_USB"/>
    </privapp-permissions>

    <privapp-permissions package="com.qti.qualcomm.datastatusnotification">
        <permission name="android.permission.WRITE_APN_SETTINGS"/>
    </privapp-permissions>

    <privapp-permissions package="com.google.android.apps.turbo">
        <permission name="android.permission.BATTERY_STATS"/>
        <permission name="android.permission.DUMP"/>
        <permission name="android.permission.INTERACT_ACROSS_USERS"/>
        <permission name="android.permission.READ_LOGS"/>
        <permission name="android.permission.REBOOT"/>
        <permission name="android.permission.SUBSTITUTE_NOTIFICATION_APP_NAME"/>
    </privapp-permissions>

    <privapp-permissions package="com.google.android.carriersetup">
        <permission name="android.permission.CONNECTIVITY_INTERNAL"/>
        <permission name="android.permission.MODIFY_PHONE_STATE"/>
        <permission name="android.permission.READ_PRIVILEGED_PHONE_STATE"/>
        <permission name="android.permission.WRITE_APN_SETTINGS"/>
        <permission name="android.permission.WRITE_SECURE_SETTINGS"/>
    </privapp-permissions>

    <privapp-permissions package="com.google.android.hiddenmenu">
        <permission name="android.permission.CALL_PRIVILEGED"/>
        <permission name="android.permission.MODIFY_PHONE_STATE"/>
        <permission name="android.permission.READ_PRIVILEGED_PHONE_STATE"/>
        <permission name="android.permission.REBOOT"/>
        <permission name="android.permission.WRITE_APN_SETTINGS"/>
    </privapp-permissions>

    <privapp-permissions package="com.google.android.ims">
        <permission name="android.permission.CONNECTIVITY_USE_RESTRICTED_NETWORKS"/>
        <permission name="android.permission.MODIFY_PHONE_STATE"/>
        <permission name="android.permission.PACKET_KEEPALIVE_OFFLOAD"/>
        <permission name="android.permission.READ_PRIVILEGED_PHONE_STATE"/>
    </privapp-permissions>

    <privapp-permissions package="com.google.android.wfcactivation">
        <permission name="android.permission.CONNECTIVITY_INTERNAL"/>
        <permission name="android.permission.MODIFY_PHONE_STATE"/>
        <permission name="android.permission.READ_LOGS"/>
        <permission name="android.permission.READ_PRIVILEGED_PHONE_STATE"/>
        <permission name="android.permission.WRITE_SECURE_SETTINGS"/>
    </privapp-permissions>
</permissions>
